filed_date,ticker,issuer_name,issuer_cik,insider,relationship,code,shares,price_per_share,value_usd,shares_owned_following,increase_ratio,cluster,cluster_insiders,cluster_notional,uniform_price_cluster,listed_equity,s2,accession,filing_url
2026-09-21,BBD,Bank Bradesco,0001160330,Carlos Pedras,"{'director': False, 'officer': True, 'ten_pct_owner': False, 'officer_title': 'Executive Officer'}",P,55850.0,17.98,,163646.0,0.5181,true,21,0.0,true,true,True,0001292814-26-004615,https://www.sec.gov/Archives/edgar/data/2125970/000129281426004615/0001292814-26-004615-index.htm
2026-09-21,BBD,Bank Bradesco,0001160330,Cintia Scovine Barcelos de Souza,"{'director': False, 'officer': True, 'ten_pct_owner': False, 'officer_title': 'Executive Officer'}",P,60093.0,17.98,,275197.0,0.2794,true,21,0.0,true,true,True,0001292814-26-004617,https://www.sec.gov/Archives/edgar/data/2126545/000129281426004617/0001292814-26-004617-index.htm
2026-09-21,BBD,Bank Bradesco,0001160330,Alexandre Panico,"{'director': False, 'officer': True, 'ten_pct_owner': False, 'officer_title': 'Executive Officer'}",P,43620.0,17.98,,184984.0,0.3086,true,21,0.0,true,true,True,0001292814-26-004619,https://www.sec.gov/Archives/edgar/data/2125974/000129281426004619/0001292814-26-004619-index.htm
2026-09-21,BBD,Bank Bradesco,0001160330,Andre Luis Duarte de Oliveira,"{'director': False, 'officer': True, 'ten_pct_owner': False, 'officer_title': 'Executive Officer'}",P,309111.0,17.98,,553173.0,1.2665,true,21,0.0,true,true,True,0001292814-26-004621,https://www.sec.gov/Archives/edgar/data/2125973/000129281426004621/0001292814-26-004621-index.htm
2026-09-21,BBD,Bank Bradesco,0001160330,Paulo Roberto Simoes da Cunha,"{'director': True, 'officer': False, 'ten_pct_owner': False, 'officer_title': ''}",P,46874.0,17.98,,264605.0,0.2153,true,21,0.0,true,true,True,0001292814-26-004625,https://www.sec.gov/Archives/edgar/data/2126534/000129281426004625/0001292814-26-004625-index.htm
2026-09-22,BBD,Bank Bradesco,0001160330,Denise Pavarina,"{'director': True, 'officer': False, 'ten_pct_owner': False, 'officer_title': ''}",P,46874.0,17.98,,412864.0,0.1281,true,21,0.0,true,true,True,0001292814-26-004633,https://www.sec.gov/Archives/edgar/data/2125969/000129281426004633/0001292814-26-004633-index.htm
2026-09-22,BBD,Bank Bradesco,0001160330,Denise Alvarez,"{'director': True, 'officer': False, 'ten_pct_owner': False, 'officer_title': ''}",P,130596.0,17.98,,6002223.0,0.0222,true,21,0.0,true,true,False,0001292814-26-004635,https://www.sec.gov/Archives/edgar/data/2126543/000129281426004635/0001292814-26-004635-index.htm
2026-09-22,BBD,Bank Bradesco,0001160330,Rubens Alvarez,"{'director': True, 'officer': False, 'ten_pct_owner': False, 'officer_title': ''}",P,46874.0,17.98,,264605.0,0.2153,true,21,0.0,true,true,True,0001292814-26-004638,https://www.sec.gov/Archives/edgar/data/2126531/000129281426004638/0001292814-26-004638-index.htm
2026-09-22,BBD,Bank Bradesco,0001160330,Juliano Marcilio,"{'director': False, 'officer': True, 'ten_pct_owner': False, 'officer_title': 'Executive Officer'}",P,60779.0,17.98,,329067.0,0.2265,true,21,0.0,true,true,True,0001292814-26-004642,https://www.sec.gov/Archives/edgar/data/2126140/000129281426004642/0001292814-26-004642-index.htm
2026-09-22,BBD,Bank Bradesco,0001160330,Regina Nunes,"{'director': True, 'officer': False, 'ten_pct_owner': False, 'officer_title': ''}",P,31266.0,17.98,,31266.0,,true,21,0.0,true,true,True,0001292814-26-004644,https://www.sec.gov/Archives/edgar/data/2135664/000129281426004644/0001292814-26-004644-index.htm
2026-09-22,BBD,Bank Bradesco,0001160330,Miranda Ramalho,"{'director': False, 'officer': True, 'ten_pct_owner': False, 'officer_title': 'Executive Officer'}",P,63719.0,17.98,,220933.0,0.4053,true,21,0.0,true,true,True,0001292814-26-004646,https://www.sec.gov/Archives/edgar/data/2127966/000129281426004646/0001292814-26-004646-index.htm
2026-09-22,BBD,Bank Bradesco,0001160330,Fernando Freiberger,"{'director': False, 'officer': True, 'ten_pct_owner': False, 'officer_title': 'Executive Officer'}",P,49550.0,17.98,,238935.0,0.2616,true,21,0.0,true,true,True,0001292814-26-004648,https://www.sec.gov/Archives/edgar/data/2125967/000129281426004648/0001292814-26-004648-index.htm
2026-09-22,BBD,Bank Bradesco,0001160330,Julio Bueno,"{'director': False, 'officer': True, 'ten_pct_owner': False, 'officer_title': 'Executive Officer'}",P,56355.0,17.98,,336549.0,0.2011,true,21,0.0,true,true,True,0001292814-26-004650,https://www.sec.gov/Archives/edgar/data/2122582/000129281426004650/0001292814-26-004650-index.htm
2026-09-22,BBD,Bank Bradesco,0001160330,Marcos Tescarolo,"{'director': False, 'officer': True, 'ten_pct_owner': False, 'officer_title': 'Executive Officer'}",P,57012.0,17.98,,296836.0,0.2377,true,21,0.0,true,true,True,0001292814-26-004652,https://www.sec.gov/Archives/edgar/data/2125962/000129281426004652/0001292814-26-004652-index.htm
2026-09-22,BBD,Bank Bradesco,0001160330,Oswaldo Fernandes,"{'director': False, 'officer': True, 'ten_pct_owner': False, 'officer_title': 'Executive Officer'}",P,79782.0,17.98,,348575.0,0.2968,true,21,0.0,true,true,True,0001292814-26-004654,https://www.sec.gov/Archives/edgar/data/2126544/000129281426004654/0001292814-26-004654-index.htm
2026-09-22,BBD,Bank Bradesco,0001160330,Renata Mantarro,"{'director': False, 'officer': True, 'ten_pct_owner': False, 'officer_title': 'Executive Officer'}",P,54760.0,17.98,,300088.0,0.2232,true,21,0.0,true,true,True,0001292814-26-004656,https://www.sec.gov/Archives/edgar/data/2126532/000129281426004656/0001292814-26-004656-index.htm
2026-09-22,BBD,Bank Bradesco,0001160330,Roberto Paris,"{'director': False, 'officer': True, 'ten_pct_owner': False, 'officer_title': 'Executive Officer'}",P,96702.0,17.98,,367829.0,0.3567,true,21,0.0,true,true,True,0001292814-26-004658,https://www.sec.gov/Archives/edgar/data/2126530/000129281426004658/0001292814-26-004658-index.htm
2026-09-22,BBD,Bank Bradesco,0001160330,Silvana Machado,"{'director': False, 'officer': True, 'ten_pct_owner': False, 'officer_title': 'Executive Officer'}",P,62048.0,17.98,,235449.0,0.3578,true,21,0.0,true,true,True,0001292814-26-004660,https://www.sec.gov/Archives/edgar/data/2126967/000129281426004660/0001292814-26-004660-index.htm
2026-09-22,BBD,Bank Bradesco,0001160330,Tulio Xavier de Oliveira,"{'director': False, 'officer': True, 'ten_pct_owner': False, 'officer_title': 'Executive Officer'}",P,55444.0,17.98,,856009.0,0.0693,true,21,0.0,true,true,False,0001292814-26-004662,https://www.sec.gov/Archives/edgar/data/2126527/000129281426004662/0001292814-26-004662-index.htm
2026-09-22,BBD,Bank Bradesco,0001160330,Vinicius Favarao,"{'director': False, 'officer': True, 'ten_pct_owner': False, 'officer_title': 'Executive Officer'}",P,60492.0,17.98,,341683.0,0.2151,true,21,0.0,true,true,True,0001292814-26-004664,https://www.sec.gov/Archives/edgar/data/2122593/000129281426004664/0001292814-26-004664-index.htm
2026-09-22,BBD,Bank Bradesco,0001160330,Paulo Caffarelli,"{'director': True, 'officer': False, 'ten_pct_owner': False, 'officer_title': ''}",P,31266.0,17.98,,31266.0,,true,21,0.0,true,true,True,0001292814-26-004666,https://www.sec.gov/Archives/edgar/data/2116145/000129281426004666/0001292814-26-004666-index.htm
2026-09-16,SBLK,Star Bulk Carriers Corp.,0001386716,Koert Erhardt,"{'director': True, 'officer': False, 'ten_pct_owner': False, 'officer_title': ''}",P,6000.0,28.27,169620.0,16080.0,0.5952,true,8,5224296.0,true,true,True,0001333848-26-000003,https://www.sec.gov/Archives/edgar/data/1386716/000133384826000003/0001333848-26-000003-index.htm
2026-09-17,SBLK,Star Bulk Carriers Corp.,0001386716,Nikolaos Reskos,"{'director': False, 'officer': True, 'ten_pct_owner': False, 'officer_title': 'Chief Operating Officer'}",P,10000.0,28.27,282700.0,410875.0,0.0249,true,8,5224296.0,true,true,False,0001969292-26-000010,https://www.sec.gov/Archives/edgar/data/1969292/000196929226000010/0001969292-26-000010-index.htm
2026-09-16,SBLK,Star Bulk Carriers Corp.,0001386716,Symeon Spyrou,"{'director': False, 'officer': True, 'ten_pct_owner': False, 'officer_title': 'co CFO'}",P,15000.0,28.27,424050.0,241200.0,0.0663,true,8,5224296.0,true,true,False,0001969701-26-000006,https://www.sec.gov/Archives/edgar/data/1969701/000196970126000006/0001969701-26-000006-index.htm
2026-09-17,SBLK,Star Bulk Carriers Corp.,0001386716,Charis Plakantonaki,"{'director': False, 'officer': True, 'ten_pct_owner': False, 'officer_title': 'Chief Strategy Officer'}",P,3000.0,28.27,84810.0,58778.0,0.0538,true,8,5224296.0,true,true,False,0001978604-26-000008,https://www.sec.gov/Archives/edgar/data/1978604/000197860426000008/0001978604-26-000008-index.htm
2026-09-17,SBLK,Star Bulk Carriers Corp.,0001386716,Raffaele Zagari,"{'director': True, 'officer': False, 'ten_pct_owner': False, 'officer_title': ''}",P,10000.0,28.27,,37580.0,0.3626,true,8,5224296.0,true,true,True,0002005037-26-000014,https://www.sec.gov/Archives/edgar/data/2005037/000200503726000014/0002005037-26-000014-index.htm
2026-09-17,SBLK,Star Bulk Carriers Corp.,0001386716,Raffaele Zagari,"{'director': True, 'officer': False, 'ten_pct_owner': False, 'officer_title': ''}",P,50000.0,28.27,,1953000.0,0.0263,true,8,5224296.0,true,true,False,0002005037-26-000014,https://www.sec.gov/Archives/edgar/data/2005037/000200503726000014/0002005037-26-000014-index.htm
2026-09-16,SBLK,Star Bulk Carriers Corp.,0001386716,Nikolaos Karellis,"{'director': True, 'officer': False, 'ten_pct_owner': False, 'officer_title': ''}",P,2000.0,28.27,56540.0,9580.0,0.2639,true,8,5224296.0,true,true,True,0002011929-26-000010,https://www.sec.gov/Archives/edgar/data/2011929/000201192926000010/0002011929-26-000010-index.htm
2026-09-17,SBLK,Star Bulk Carriers Corp.,0001386716,Alexandros Pappas,"{'director': False, 'officer': False, 'ten_pct_owner': False, 'officer_title': ''}",P,74400.0,28.27,2103288.0,2532150.0,0.0303,true,8,5224296.0,true,true,False,0002107497-26-000002,https://www.sec.gov/Archives/edgar/data/2107497/000210749726000002/0002107497-26-000002-index.htm
2026-09-17,SBLK,Star Bulk Carriers Corp.,0001386716,Milena Pappa,"{'director': True, 'officer': False, 'ten_pct_owner': False, 'officer_title': ''}",P,74400.0,28.27,2103288.0,3167074.0,0.0241,true,8,5224296.0,true,true,False,0002113812-26-000003,https://www.sec.gov/Archives/edgar/data/2113812/000211381226000003/0002113812-26-000003-index.htm
2026-09-30,FUL,Fuller H B Co,0000039368,Srilata Zaheer,"{'director': True, 'officer': False, 'ten_pct_owner': False, 'officer_title': ''}",P,2000.0,49.06,98120.0,3346.0,1.4859,true,6,571829.06,false,true,True,0001225208-26-008011,https://www.sec.gov/Archives/edgar/data/1919136/000122520826008011/0001225208-26-008011-index.htm
2026-09-30,FUL,Fuller H B Co,0000039368,Charles Lauber,"{'director': True, 'officer': False, 'ten_pct_owner': False, 'officer_title': ''}",P,2005.0,49.8676,99984.54,3356.0,1.4841,true,6,571829.06,false,true,True,0001225208-26-008012,https://www.sec.gov/Archives/edgar/data/1566398/000122520826008012/0001225208-26-008012-index.htm
2026-09-30,FUL,Fuller H B Co,0000039368,Trangsrud Rasmussen,"{'director': True, 'officer': False, 'ten_pct_owner': False, 'officer_title': ''}",P,1542.0,48.9587,75494.32,3552.873,0.7668,true,6,571829.06,false,true,True,0001225208-26-008013,https://www.sec.gov/Archives/edgar/data/1832403/000122520826008013/0001225208-26-008013-index.htm
2026-09-30,FUL,Fuller H B Co,0000039368,Thomas Handley,"{'director': True, 'officer': False, 'ten_pct_owner': False, 'officer_title': ''}",P,2000.0,49.41,98820.0,2000.0,,true,6,571829.06,false,true,True,0001225208-26-008014,https://www.sec.gov/Archives/edgar/data/1275967/000122520826008014/0001225208-26-008014-index.htm
2026-09-30,FUL,Fuller H B Co,0000039368,Daniel Florness,"{'director': True, 'officer': False, 'ten_pct_owner': False, 'officer_title': ''}",P,2030.0,49.34,100160.2,3381.0,1.5026,true,6,571829.06,false,true,True,0001225208-26-008015,https://www.sec.gov/Archives/edgar/data/1017427/000122520826008015/0001225208-26-008015-index.htm
2026-10-01,FUL,Fuller H B Co,0000039368,Michael Happe,"{'director': True, 'officer': False, 'ten_pct_owner': False, 'officer_title': ''}",P,2000.0,49.625,99250.0,3343.0,1.4892,true,6,571829.06,false,true,True,0001225208-26-008046,https://www.sec.gov/Archives/edgar/data/39368/000122520826008046/0001225208-26-008046-index.htm
2026-09-30,ADRX,"ADARx Pharmaceuticals, Inc.",0001802369,ORBIMED ADVISORS LLC,"{'director': True, 'officer': False, 'ten_pct_owner': True, 'officer_title': ''}",P,588235.0,17.0,9999995.0,588235.0,,true,5,87745772.0,true,true,True,0000947871-26-000910,https://www.sec.gov/Archives/edgar/data/1808744/000094787126000910/0000947871-26-000910-index.htm
2026-09-30,ADRX,"ADARx Pharmaceuticals, Inc.",0001802369,ORBIMED ADVISORS LLC,"{'director': True, 'officer': False, 'ten_pct_owner': True, 'officer_title': ''}",P,300249.0,17.0,5104233.0,14325529.0,0.0214,true,5,87745772.0,true,true,False,0000947871-26-000910,https://www.sec.gov/Archives/edgar/data/1808744/000094787126000910/0000947871-26-000910-index.htm
2026-09-30,ADRX,"ADARx Pharmaceuticals, Inc.",0001802369,ORBIMED ADVISORS LLC,"{'director': True, 'officer': False, 'ten_pct_owner': True, 'officer_title': ''}",P,61516.0,17.0,1045772.0,9292025.0,0.0067,true,5,87745772.0,true,true,False,0000947871-26-000910,https://www.sec.gov/Archives/edgar/data/1808744/000094787126000910/0000947871-26-000910-index.htm
2026-09-30,ADRX,"ADARx Pharmaceuticals, Inc.",0001802369,Carl Gordon,"{'director': True, 'officer': False, 'ten_pct_owner': True, 'officer_title': ''}",P,588235.0,17.0,9999995.0,588235.0,,true,5,87745772.0,true,true,True,0000947871-26-000911,https://www.sec.gov/Archives/edgar/data/1802369/000094787126000911/0000947871-26-000911-index.htm
2026-09-30,ADRX,"ADARx Pharmaceuticals, Inc.",0001802369,Carl Gordon,"{'director': True, 'officer': False, 'ten_pct_owner': True, 'officer_title': ''}",P,300249.0,17.0,5104233.0,14325529.0,0.0214,true,5,87745772.0,true,true,False,0000947871-26-000911,https://www.sec.gov/Archives/edgar/data/1802369/000094787126000911/0000947871-26-000911-index.htm
2026-09-30,ADRX,"ADARx Pharmaceuticals, Inc.",0001802369,Carl Gordon,"{'director': True, 'officer': False, 'ten_pct_owner': True, 'officer_title': ''}",P,61516.0,17.0,1045772.0,9292025.0,0.0067,true,5,87745772.0,true,true,False,0000947871-26-000911,https://www.sec.gov/Archives/edgar/data/1802369/000094787126000911/0000947871-26-000911-index.htm
2026-09-30,ADRX,"ADARx Pharmaceuticals, Inc.",0001802369,Erez Chimovits,"{'director': True, 'officer': False, 'ten_pct_owner': False, 'officer_title': ''}",P,61516.0,17.0,1045772.0,9292025.0,0.0067,true,5,87745772.0,true,true,False,0000947871-26-000912,https://www.sec.gov/Archives/edgar/data/1802369/000094787126000912/0000947871-26-000912-index.htm
2026-09-29,ADRX,"ADARx Pharmaceuticals, Inc.",0001802369,Simeon George,"{'director': True, 'officer': False, 'ten_pct_owner': True, 'officer_title': ''}",P,592593.0,17.0,10074081.0,592593.0,,true,5,87745772.0,false,true,True,0001193125-26-408061,https://www.sec.gov/Archives/edgar/data/1802369/000119312526408061/0001193125-26-408061-index.htm
2026-09-29,ADRX,"ADARx Pharmaceuticals, Inc.",0001802369,Simeon George,"{'director': True, 'officer': False, 'ten_pct_owner': True, 'officer_title': ''}",P,592593.0,17.0,10074081.0,5554094.0,0.1194,true,5,87745772.0,false,true,True,0001193125-26-408061,https://www.sec.gov/Archives/edgar/data/1802369/000119312526408061/0001193125-26-408061-index.htm
2026-09-29,ADRX,"ADARx Pharmaceuticals, Inc.",0001802369,Simeon George,"{'director': True, 'officer': False, 'ten_pct_owner': True, 'officer_title': ''}",P,414814.0,17.0,7051838.0,1953505.0,0.2696,true,5,87745772.0,false,true,True,0001193125-26-408061,https://www.sec.gov/Archives/edgar/data/1802369/000119312526408061/0001193125-26-408061-index.htm
2026-09-29,ADRX,"ADARx Pharmaceuticals, Inc.",0001802369,"SR ONE CAPITAL MANAGEMENT, LLC","{'director': False, 'officer': False, 'ten_pct_owner': True, 'officer_title': ''}",P,592593.0,17.0,10074081.0,592593.0,,true,5,87745772.0,false,true,True,0001193125-26-408064,https://www.sec.gov/Archives/edgar/data/1853723/000119312526408064/0001193125-26-408064-index.htm
2026-09-29,ADRX,"ADARx Pharmaceuticals, Inc.",0001802369,"SR ONE CAPITAL MANAGEMENT, LLC","{'director': False, 'officer': False, 'ten_pct_owner': True, 'officer_title': ''}",P,592593.0,17.0,10074081.0,5554094.0,0.1194,true,5,87745772.0,false,true,True,0001193125-26-408064,https://www.sec.gov/Archives/edgar/data/1853723/000119312526408064/0001193125-26-408064-index.htm
2026-09-29,ADRX,"ADARx Pharmaceuticals, Inc.",0001802369,"SR ONE CAPITAL MANAGEMENT, LLC","{'director': False, 'officer': False, 'ten_pct_owner': True, 'officer_title': ''}",P,414814.0,17.0,7051838.0,1953505.0,0.2696,true,5,87745772.0,false,true,True,0001193125-26-408064,https://www.sec.gov/Archives/edgar/data/1853723/000119312526408064/0001193125-26-408064-index.htm
2026-09-24,NONE,Blackstone Multi-Strategy Hedge Fund L.P.,0002095486,Kimberly Querrey,"{'director': True, 'officer': False, 'ten_pct_owner': False, 'officer_title': ''}",P,274079.875,25.54,7000000.01,274079.875,,true,5,9600000.04,true,false,True,0001193125-26-401358,https://www.sec.gov/Archives/edgar/data/2095486/000119312526401358/0001193125-26-401358-index.htm
2026-09-24,NONE,Blackstone Multi-Strategy Hedge Fund L.P.,0002095486,Paul Knopp,"{'director': True, 'officer': False, 'ten_pct_owner': False, 'officer_title': ''}",P,3915.427,25.54,100000.01,3915.427,,true,5,9600000.04,true,false,True,0001193125-26-401360,https://www.sec.gov/Archives/edgar/data/2108712/000119312526401360/0001193125-26-401360-index.htm
2026-09-24,NONE,Blackstone Multi-Strategy Hedge Fund L.P.,0002095486,Ravi Desai,"{'director': False, 'officer': True, 'ten_pct_owner': False, 'officer_title': 'President'}",P,15661.707,25.54,400000.0,15661.707,,true,5,9600000.04,true,false,True,0001193125-26-401365,https://www.sec.gov/Archives/edgar/data/2105123/000119312526401365/0001193125-26-401365-index.htm
2026-09-24,NONE,Blackstone Multi-Strategy Hedge Fund L.P.,0002095486,Philip Collins,"{'director': True, 'officer': False, 'ten_pct_owner': False, 'officer_title': ''}",P,78308.536,25.54,2000000.01,78308.536,,true,5,9600000.04,true,false,True,0001193125-26-401374,https://www.sec.gov/Archives/edgar/data/2108709/000119312526401374/0001193125-26-401374-index.htm
2026-09-24,NONE,Blackstone Multi-Strategy Hedge Fund L.P.,0002095486,Riad Abrahams,"{'director': True, 'officer': True, 'ten_pct_owner': False, 'officer_title': 'Chief Executive Officer'}",P,3915.427,25.54,100000.01,3915.427,,true,5,9600000.04,true,false,True,0001193125-26-401375,https://www.sec.gov/Archives/edgar/data/2095486/000119312526401375/0001193125-26-401375-index.htm
2026-10-01,N/A,John Hancock GA Mortgage Trust,0001742952,Manufacturers Life Reinsurance Ltd,"{'director': False, 'officer': False, 'ten_pct_owner': True, 'officer_title': ''}",P,510963.9812,17.613,8999608.6,55297889.6863,0.0093,true,4,39998260.45,true,false,False,0001765496-26-000019,https://www.sec.gov/Archives/edgar/data/1765496/000176549626000019/0001765496-26-000019-index.htm
2026-10-01,N/A,John Hancock GA Mortgage Trust,0001742952,Manulife (International) Ltd,"{'director': False, 'officer': False, 'ten_pct_owner': True, 'officer_title': ''}",P,1476118.168,17.613,25998869.29,48372537.9418,0.0315,true,4,39998260.45,true,false,False,0001765518-26-000006,https://www.sec.gov/Archives/edgar/data/1765518/000176551826000006/0001765518-26-000006-index.htm
2026-10-01,N/A,John Hancock GA Mortgage Trust,0001742952,Manufacturers Life Insurance Co (Bermuda Branch),"{'director': False, 'officer': False, 'ten_pct_owner': True, 'officer_title': ''}",P,56773.7757,17.613,999956.51,21312820.6284,0.0027,true,4,39998260.45,true,false,False,0001833683-26-000019,https://www.sec.gov/Archives/edgar/data/1742952/000183368326000019/0001833683-26-000019-index.htm
2026-10-01,N/A,John Hancock GA Mortgage Trust,0001742952,Manulife (Singapore) Pte. Ltd.,"{'director': False, 'officer': False, 'ten_pct_owner': True, 'officer_title': ''}",P,227095.1028,17.613,3999826.05,16518581.1917,0.0139,true,4,39998260.45,true,false,False,0001837478-26-000018,https://www.sec.gov/Archives/edgar/data/1742952/000183747826000018/0001837478-26-000018-index.htm
2026-09-14,PMTS,CPI Card Group Inc.,0001641614,Tricor PMT25 Holdings Inc.,"{'director': False, 'officer': False, 'ten_pct_owner': True, 'officer_title': ''}",P,525000.0,21.5,11287500.0,2701056.0,0.2413,true,4,11937488.0,true,true,True,0001104659-26-107610,https://www.sec.gov/Archives/edgar/data/1641614/000110465926107610/0001104659-26-107610-index.htm
2026-09-14,PMTS,CPI Card Group Inc.,0001641614,Riley Sanford,"{'director': True, 'officer': False, 'ten_pct_owner': False, 'officer_title': ''}",P,13953.0,21.5,299989.5,277232.0,0.053,true,4,11937488.0,true,true,False,0001317406-26-000006,https://www.sec.gov/Archives/edgar/data/1641614/000131740626000006/0001317406-26-000006-index.htm
2026-09-14,PMTS,CPI Card Group Inc.,0001641614,Marc Sheinbaum,"{'director': True, 'officer': False, 'ten_pct_owner': False, 'officer_title': ''}",P,4651.0,21.5,99996.5,26500.0,0.2129,true,4,11937488.0,true,true,True,0001605873-26-000004,https://www.sec.gov/Archives/edgar/data/1641614/000160587326000004/0001605873-26-000004-index.htm
2026-09-14,PMTS,CPI Card Group Inc.,0001641614,Nicholas Peters,"{'director': True, 'officer': False, 'ten_pct_owner': False, 'officer_title': ''}",P,11628.0,21.5,250002.0,11628.0,,true,4,11937488.0,true,true,True,0001654770-26-000004,https://www.sec.gov/Archives/edgar/data/1641614/000165477026000004/0001654770-26-000004-index.htm
2026-09-11,GREE,Vulcan Infrastructure & Power Inc.,0001844971,George Rogers,"{'director': True, 'officer': False, 'ten_pct_owner': False, 'officer_title': ''}",P,2923976.0,1.71,4999998.96,3039467.0,,true,4,5299996.23,false,true,True,0001628280-26-061590,https://www.sec.gov/Archives/edgar/data/1881667/000162828026061590/0001628280-26-061590-index.htm
2026-09-14,GREE,Vulcan Infrastructure & Power Inc.,0001844971,Dale Irwin,"{'director': False, 'officer': True, 'ten_pct_owner': False, 'officer_title': 'President'}",P,58479.0,1.71,99999.09,260955.0,0.2888,true,4,5299996.23,true,true,True,0001628280-26-061878,https://www.sec.gov/Archives/edgar/data/1881363/000162828026061878/0001628280-26-061878-index.htm
2026-09-14,GREE,Vulcan Infrastructure & Power Inc.,0001844971,Christian Mulvihill,"{'director': False, 'officer': True, 'ten_pct_owner': False, 'officer_title': 'Chief Financial Officer'}",P,58479.0,1.71,99999.09,234475.0,0.3323,true,4,5299996.23,true,true,True,0001628280-26-061879,https://www.sec.gov/Archives/edgar/data/1998358/000162828026061879/0001628280-26-061879-index.htm
2026-09-14,GREE,Vulcan Infrastructure & Power Inc.,0001844971,Jordan Kovler,"{'director': True, 'officer': True, 'ten_pct_owner': False, 'officer_title': 'Chief Executive Officer'}",P,58479.0,1.71,99999.09,383885.0,0.1797,true,4,5299996.23,true,true,True,0001628280-26-061880,https://www.sec.gov/Archives/edgar/data/1971292/000162828026061880/0001628280-26-061880-index.htm
2026-10-05,ACCV,Accelevation Holdings Corp.,0002141406,Paul Donahue,"{'director': True, 'officer': False, 'ten_pct_owner': False, 'officer_title': ''}",P,7000.0,18.0,126000.0,7000.0,,true,4,4053600.0,true,true,True,0001628280-26-065155,https://www.sec.gov/Archives/edgar/data/2141406/000162828026065155/0001628280-26-065155-index.htm
2026-10-05,ACCV,Accelevation Holdings Corp.,0002141406,Howard Heckes,"{'director': True, 'officer': False, 'ten_pct_owner': False, 'officer_title': ''}",P,5000.0,18.0,90000.0,5000.0,,true,4,4053600.0,true,true,True,0001628280-26-065156,https://www.sec.gov/Archives/edgar/data/2141406/000162828026065156/0001628280-26-065156-index.htm
2026-10-05,ACCV,Accelevation Holdings Corp.,0002141406,Ginger Jones,"{'director': True, 'officer': False, 'ten_pct_owner': False, 'officer_title': ''}",P,10000.0,18.0,180000.0,10000.0,,true,4,4053600.0,true,true,True,0001628280-26-065157,https://www.sec.gov/Archives/edgar/data/2141406/000162828026065157/0001628280-26-065157-index.htm
2026-10-05,ACCV,Accelevation Holdings Corp.,0002141406,Michael Rubiera,"{'director': True, 'officer': True, 'ten_pct_owner': False, 'officer_title': 'Chief Executive Officer'}",P,200000.0,18.0,3600000.0,1424285.0,0.1634,true,4,4053600.0,true,true,True,0001628280-26-065167,https://www.sec.gov/Archives/edgar/data/2149930/000162828026065167/0001628280-26-065167-index.htm
2026-10-05,ACCV,Accelevation Holdings Corp.,0002141406,Michael Rubiera,"{'director': True, 'officer': True, 'ten_pct_owner': False, 'officer_title': 'Chief Executive Officer'}",P,3200.0,18.0,57600.0,3200.0,,true,4,4053600.0,true,true,True,0001628280-26-065167,https://www.sec.gov/Archives/edgar/data/2149930/000162828026065167/0001628280-26-065167-index.htm
2026-09-17,XBP,"XBP Global Holdings, Inc.",0001839530,Andrej Jonovic,"{'director': True, 'officer': True, 'ten_pct_owner': False, 'officer_title': 'Chief Executive Officer'}",P,31500.0,2.83,89145.0,244700.0,0.1477,true,4,2367142.18,true,true,True,0001104659-26-108649,https://www.sec.gov/Archives/edgar/data/1996758/000110465926108649/0001104659-26-108649-index.htm
2026-09-17,XBP,"XBP Global Holdings, Inc.",0001839530,Par Chadha,"{'director': True, 'officer': False, 'ten_pct_owner': False, 'officer_title': ''}",P,204946.0,2.83,579997.18,204946.0,,true,4,2367142.18,true,true,True,0001104659-26-108653,https://www.sec.gov/Archives/edgar/data/1839530/000110465926108653/0001104659-26-108653-index.htm
2026-09-17,XBP,"XBP Global Holdings, Inc.",0001839530,"Avenue RP Opportunities Fund, L.P.","{'director': False, 'officer': False, 'ten_pct_owner': True, 'officer_title': ''}",P,325319.0,2.83,920652.77,981807.0,0.4955,true,4,2367142.18,true,true,True,0001140361-26-036974,https://www.sec.gov/Archives/edgar/data/1317338/000114036126036974/0001140361-26-036974-index.htm
2026-09-17,XBP,"XBP Global Holdings, Inc.",0001839530,"Avenue RP Opportunities Fund, L.P.","{'director': False, 'officer': False, 'ten_pct_owner': True, 'officer_title': ''}",P,202287.0,2.83,572472.21,610498.0,0.4955,true,4,2367142.18,true,true,True,0001140361-26-036974,https://www.sec.gov/Archives/edgar/data/1317338/000114036126036974/0001140361-26-036974-index.htm
2026-09-17,XBP,"XBP Global Holdings, Inc.",0001839530,Avenue Global Opportunities Master Fund LP,"{'director': False, 'officer': False, 'ten_pct_owner': True, 'officer_title': ''}",P,72394.0,2.83,204875.02,218484.0,0.4955,true,4,2367142.18,true,true,True,0001140361-26-036978,https://www.sec.gov/Archives/edgar/data/1317338/000114036126036978/0001140361-26-036978-index.htm
2026-09-15,RWT,Redwood Trust Inc,0000930236,Christopher Abate,"{'director': True, 'officer': True, 'ten_pct_owner': False, 'officer_title': 'Chief Executive Officer'}",P,100000.0,3.839,383900.0,679283.0,0.1726,true,4,928278.47,false,true,True,0001104659-26-107867,https://www.sec.gov/Archives/edgar/data/1453409/000110465926107867/0001104659-26-107867-index.htm
2026-09-15,RWT,Redwood Trust Inc,0000930236,Greg Kubicek,"{'director': True, 'officer': False, 'ten_pct_owner': False, 'officer_title': ''}",P,50000.0,3.8512,192560.0,127184.66,0.6478,true,4,928278.47,false,true,True,0001233565-26-000006,https://www.sec.gov/Archives/edgar/data/1233565/000123356526000006/0001233565-26-000006-index.htm
2026-09-16,RWT,Redwood Trust Inc,0000930236,Dashiell Robinson,"{'director': True, 'officer': True, 'ten_pct_owner': False, 'officer_title': 'President'}",P,63211.13,3.98,251580.3,395050.13,0.1905,true,4,928278.47,false,true,True,0001716998-26-000004,https://www.sec.gov/Archives/edgar/data/1716998/000171699826000004/0001716998-26-000004-index.htm
2026-09-15,RWT,Redwood Trust Inc,0000930236,Brooke Carillo,"{'director': False, 'officer': True, 'ten_pct_owner': False, 'officer_title': 'Chief Financial Officer'}",P,26065.0,3.8457,100238.17,140481.0,0.2278,true,4,928278.47,false,true,True,0001862739-26-000004,https://www.sec.gov/Archives/edgar/data/1862739/000186273926000004/0001862739-26-000004-index.htm
2026-09-17,BWMX,"Betterware De Mexico, S.A.P.I. De C.v",0001788257,Andres Chevallier,"{'director': True, 'officer': True, 'ten_pct_owner': False, 'officer_title': 'CHIEF EXECUTIVE OFFICER'}",P,30000.0,16.4097,492291.0,80000.0,0.6,true,3,2293811.0,false,true,True,0001213900-26-101012,https://www.sec.gov/Archives/edgar/data/2120042/000121390026101012/0001213900-26-101012-index.htm
2026-09-17,BWMX,"Betterware De Mexico, S.A.P.I. De C.v",0001788257,Andres Chevallier,"{'director': True, 'officer': True, 'ten_pct_owner': False, 'officer_title': 'CHIEF EXECUTIVE OFFICER'}",P,15000.0,16.4996,247494.0,95000.0,0.1875,true,3,2293811.0,false,true,True,0001213900-26-101012,https://www.sec.gov/Archives/edgar/data/2120042/000121390026101012/0001213900-26-101012-index.htm
2026-09-17,BWMX,"Betterware De Mexico, S.A.P.I. De C.v",0001788257,Luis Campos,"{'director': True, 'officer': False, 'ten_pct_owner': True, 'officer_title': ''}",P,45000.0,16.2588,731646.0,20323497.0,0.0022,true,3,2293811.0,false,true,False,0001213900-26-101014,https://www.sec.gov/Archives/edgar/data/1834688/000121390026101014/0001213900-26-101014-index.htm
2026-09-17,BWMX,"Betterware De Mexico, S.A.P.I. De C.v",0001788257,Luis Campos,"{'director': True, 'officer': False, 'ten_pct_owner': True, 'officer_title': ''}",P,35000.0,16.4416,575456.0,20358497.0,0.0017,true,3,2293811.0,false,true,False,0001213900-26-101014,https://www.sec.gov/Archives/edgar/data/1834688/000121390026101014/0001213900-26-101014-index.htm
2026-09-17,BWMX,"Betterware De Mexico, S.A.P.I. De C.v",0001788257,Santiago Chevallier,"{'director': True, 'officer': True, 'ten_pct_owner': False, 'officer_title': 'MD Betterware Mexico'}",P,15000.0,16.4616,246924.0,47500.0,0.4615,true,3,2293811.0,false,true,True,0001213900-26-101015,https://www.sec.gov/Archives/edgar/data/2119899/000121390026101015/0001213900-26-101015-index.htm
2026-09-17,ADC,Agree Realty Corp,0000917251,Joey Agree,"{'director': True, 'officer': True, 'ten_pct_owner': False, 'officer_title': 'PRESIDENT & CEO'}",P,7360.0,68.06,500921.6,682465.0,0.0109,true,3,1944071.6,false,true,False,0001348490-26-000006,https://www.sec.gov/Archives/edgar/data/1348490/000134849026000006/0001348490-26-000006-index.htm
2026-09-17,ADC,Agree Realty Corp,0000917251,John Rakolta,"{'director': True, 'officer': False, 'ten_pct_owner': False, 'officer_title': ''}",P,20000.0,68.78,1375600.0,654602.102,0.0315,true,3,1944071.6,false,true,False,0001528153-26-000015,https://www.sec.gov/Archives/edgar/data/1528153/000152815326000015/0001528153-26-000015-index.htm
2026-09-23,ADC,Agree Realty Corp,0000917251,Craig Erlich,"{'director': False, 'officer': True, 'ten_pct_owner': False, 'officer_title': 'CHIEF GROWTH OFFICER'}",P,1000.0,67.55,67550.0,60388.0,0.0168,true,3,1944071.6,false,true,False,0001747962-26-000007,https://www.sec.gov/Archives/edgar/data/1747962/000174796226000007/0001747962-26-000007-index.htm
2026-09-15,COO,"Cooper Companies, Inc.",0000711404,Lawrence Kurzius,"{'director': True, 'officer': False, 'ten_pct_owner': False, 'officer_title': ''}",P,10000.0,53.915,539150.0,21099.0,0.901,true,3,1880109.98,false,true,True,0001352090-26-000007,https://www.sec.gov/Archives/edgar/data/1352090/000135209026000007/0001352090-26-000007-index.htm
2026-09-17,COO,"Cooper Companies, Inc.",0000711404,Lawrence Kurzius,"{'director': True, 'officer': False, 'ten_pct_owner': False, 'officer_title': ''}",P,10000.0,54.932,549320.0,31099.0,0.474,true,3,1880109.98,false,true,True,0001352090-26-000008,https://www.sec.gov/Archives/edgar/data/1352090/000135209026000008/0001352090-26-000008-index.htm
2026-09-15,COO,"Cooper Companies, Inc.",0000711404,Walter Rosebrough,"{'director': True, 'officer': False, 'ten_pct_owner': False, 'officer_title': ''}",P,7000.0,54.11,378770.0,17000.0,0.7,true,3,1880109.98,false,true,True,0001413087-26-000007,https://www.sec.gov/Archives/edgar/data/1413087/000141308726000007/0001413087-26-000007-index.htm
2026-09-15,COO,"Cooper Companies, Inc.",0000711404,Walter Rosebrough,"{'director': True, 'officer': False, 'ten_pct_owner': False, 'officer_title': ''}",P,3000.0,54.29,162870.0,20000.0,0.1765,true,3,1880109.98,false,true,True,0001413087-26-000007,https://www.sec.gov/Archives/edgar/data/1413087/000141308726000007/0001413087-26-000007-index.htm
2026-09-15,COO,"Cooper Companies, Inc.",0000711404,Paul Keel,"{'director': True, 'officer': False, 'ten_pct_owner': False, 'officer_title': ''}",P,4701.015,53.18,249999.98,4701.015,,true,3,1880109.98,false,true,True,0001626337-26-000011,https://www.sec.gov/Archives/edgar/data/711404/000162633726000011/0001626337-26-000011-index.htm
2026-09-15,CELH,"Celsius Holdings, Inc.",0001341766,Damon DeSantis,"{'director': True, 'officer': False, 'ten_pct_owner': False, 'officer_title': ''}",P,20000.0,27.65,553000.0,2712187.0,0.0074,true,3,1830042.6,false,true,False,0001628280-26-062057,https://www.sec.gov/Archives/edgar/data/1341766/000162828026062057/0001628280-26-062057-index.htm
2026-09-15,CELH,"Celsius Holdings, Inc.",0001341766,Damon DeSantis,"{'director': True, 'officer': False, 'ten_pct_owner': False, 'officer_title': ''}",P,16000.0,27.95,447200.0,2728187.0,0.0059,true,3,1830042.6,false,true,False,0001628280-26-062057,https://www.sec.gov/Archives/edgar/data/1341766/000162828026062057/0001628280-26-062057-index.htm
2026-09-16,CELH,"Celsius Holdings, Inc.",0001341766,Hal Kravitz,"{'director': True, 'officer': False, 'ten_pct_owner': False, 'officer_title': ''}",P,12000.0,28.0,336000.0,239158.0,0.0528,true,3,1830042.6,false,true,False,0001628280-26-062134,https://www.sec.gov/Archives/edgar/data/1685649/000162828026062134/0001628280-26-062134-index.htm
2026-09-24,DKS,"Dick's Sporting Goods, Inc.",0001089063,Navdeep Gupta,"{'director': False, 'officer': True, 'ten_pct_owner': False, 'officer_title': 'EVP, Chief Financial Officer'}",P,7707.0,129.75,999983.25,86580.0,0.0977,true,3,1744758.43,false,true,False,0001772409-26-000009,https://www.sec.gov/Archives/edgar/data/1772409/000177240926000009/0001772409-26-000009-index.htm
2026-09-24,DKS,"Dick's Sporting Goods, Inc.",0001089063,Larry Fitzgerald,"{'director': True, 'officer': False, 'ten_pct_owner': False, 'officer_title': ''}",P,1860.0,131.67,244906.2,15199.0,0.1394,true,3,1744758.43,false,true,True,0001817293-26-000006,https://www.sec.gov/Archives/edgar/data/1817293/000181729326000006/0001817293-26-000006-index.htm
2026-10-01,DKS,"Dick's Sporting Goods, Inc.",0001089063,Matthew Barnes,"{'director': False, 'officer': True, 'ten_pct_owner': False, 'officer_title': 'President - Foot Locker Intl'}",P,3665.0,136.3899,499868.98,11965.0,0.4416,true,3,1744758.43,false,true,True,0002100573-26-000006,https://www.sec.gov/Archives/edgar/data/2100573/000210057326000006/0002100573-26-000006-index.htm
2026-09-18,GAM,General American Investors Co Inc,0000040417,Jeffrey Priest,"{'director': False, 'officer': True, 'ten_pct_owner': False, 'officer_title': 'President & CEO'}",P,4000.0,23.46,93840.0,44691.0,0.0983,true,3,435090.0,false,true,False,0000040417-26-000049,https://www.sec.gov/Archives/edgar/data/1317435/000004041726000049/0000040417-26-000049-index.htm
2026-09-24,GAM,General American Investors Co Inc,0000040417,Eugene Stark,"{'director': False, 'officer': True, 'ten_pct_owner': False, 'officer_title': 'VP Administration'}",P,5000.0,22.75,113750.0,39000.0,0.1471,true,3,435090.0,false,true,True,0000040417-26-000051,https://www.sec.gov/Archives/edgar/data/1315319/000004041726000051/0000040417-26-000051-index.htm
2026-09-24,GAM,General American Investors Co Inc,0000040417,Spencer Davidson,"{'director': False, 'officer': False, 'ten_pct_owner': False, 'officer_title': ''}",P,10000.0,22.75,227500.0,189387.0,0.0557,true,3,435090.0,false,true,False,0000040417-26-000052,https://www.sec.gov/Archives/edgar/data/1215920/000004041726000052/0000040417-26-000052-index.htm
2026-10-01,SPG,Simon Property Group Inc.,0001063761,Larry Glasscock,"{'director': True, 'officer': False, 'ten_pct_owner': False, 'officer_title': ''}",P,367.0,202.78,74420.26,46269.0,0.008,true,3,242727.66,true,true,False,0001189793-26-000014,https://www.sec.gov/Archives/edgar/data/1189793/000118979326000014/0001189793-26-000014-index.htm
2026-10-01,SPG,Simon Property Group Inc.,0001063761,Reuben Leibowitz,"{'director': True, 'officer': False, 'ten_pct_owner': False, 'officer_title': ''}",P,480.0,202.78,97334.4,56277.0,0.0086,true,3,242727.66,true,true,False,0001210982-26-000010,https://www.sec.gov/Archives/edgar/data/1210982/000121098226000010/0001210982-26-000010-index.htm
2026-10-01,SPG,Simon Property Group Inc.,0001063761,Daniel Smith,"{'director': True, 'officer': False, 'ten_pct_owner': False, 'officer_title': ''}",P,350.0,202.78,70973.0,34830.0,0.0102,true,3,242727.66,true,true,False,0001464273-26-000010,https://www.sec.gov/Archives/edgar/data/1464273/000146427326000010/0001464273-26-000010-index.htm
2026-10-01,N/A,John Hancock GA Senior Loan Trust,0001742951,Manufacturers Life Reinsurance Ltd,"{'director': False, 'officer': False, 'ten_pct_owner': True, 'officer_title': ''}",P,1931122.8289,16.052,30998383.65,40862567.2124,0.0496,true,2,42997757.97,false,false,False,0001765496-26-000018,https://www.sec.gov/Archives/edgar/data/1765496/000176549626000018/0001765496-26-000018-index.htm
2026-10-01,N/A,John Hancock GA Senior Loan Trust,0001742951,Manufacturers Life Insurance Co (Bermuda Branch),"{'director': False, 'officer': False, 'ten_pct_owner': True, 'officer_title': ''}",P,747531.4177,16.052,11999374.32,20859165.5421,0.0372,true,2,42997757.97,false,false,False,0001833683-26-000018,https://www.sec.gov/Archives/edgar/data/1833683/000183368326000018/0001833683-26-000018-index.htm
2026-09-23,ETRA,"Electra Therapeutics, Inc.",0002088082,ORBIMED ADVISORS LLC,"{'director': True, 'officer': False, 'ten_pct_owner': True, 'officer_title': ''}",P,1000000.0,15.0,15000000.0,1758279.0,1.3188,true,2,39999990.0,false,true,True,0000947871-26-000880,https://www.sec.gov/Archives/edgar/data/2088082/000094787126000880/0000947871-26-000880-index.htm
2026-09-23,ETRA,"Electra Therapeutics, Inc.",0002088082,ORBIMED ADVISORS LLC,"{'director': True, 'officer': False, 'ten_pct_owner': True, 'officer_title': ''}",P,333333.0,15.0,4999995.0,5126891.0,0.0695,true,2,39999990.0,false,true,False,0000947871-26-000880,https://www.sec.gov/Archives/edgar/data/2088082/000094787126000880/0000947871-26-000880-index.htm
2026-09-23,ETRA,"Electra Therapeutics, Inc.",0002088082,Carl Gordon,"{'director': True, 'officer': False, 'ten_pct_owner': True, 'officer_title': ''}",P,1000000.0,15.0,15000000.0,1758279.0,1.3188,true,2,39999990.0,false,true,True,0000947871-26-000881,https://www.sec.gov/Archives/edgar/data/2088082/000094787126000881/0000947871-26-000881-index.htm
2026-09-23,ETRA,"Electra Therapeutics, Inc.",0002088082,Carl Gordon,"{'director': True, 'officer': False, 'ten_pct_owner': True, 'officer_title': ''}",P,333333.0,15.0,4999995.0,5126891.0,0.0695,true,2,39999990.0,false,true,False,0000947871-26-000881,https://www.sec.gov/Archives/edgar/data/2088082/000094787126000881/0000947871-26-000881-index.htm
2026-09-21,GRAB,Grab Holdings Ltd,0001855612,Anthony Tan,"{'director': True, 'officer': True, 'ten_pct_owner': False, 'officer_title': 'Chief Executive Officer'}",P,10350000.0,2.8866,29876310.0,10778498.0,,true,2,30743148.65,false,true,True,0001896497-26-000009,https://www.sec.gov/Archives/edgar/data/1896497/000189649726000009/0001896497-26-000009-index.htm
2026-09-21,GRAB,Grab Holdings Ltd,0001855612,Alexander Hungate,"{'director': True, 'officer': True, 'ten_pct_owner': False, 'officer_title': 'President and COO'}",P,299571.0,2.8936,866838.65,6411550.0,0.049,true,2,30743148.65,false,true,False,0002026373-26-000010,https://www.sec.gov/Archives/edgar/data/2026373/000202637326000010/0002026373-26-000010-index.htm
2026-09-29,GME,GameStop Corp.,0001326380,Ryan Cohen,"{'director': True, 'officer': True, 'ten_pct_owner': False, 'officer_title': 'President, CEO and Chairman'}",P,446500.0,23.4753,10481721.45,40945022.0,0.011,true,2,27902606.56,false,true,False,0000921895-26-002670,https://www.sec.gov/Archives/edgar/data/1767470/000092189526002670/0000921895-26-002670-index.htm
2026-09-29,GME,GameStop Corp.,0001326380,Ryan Cohen,"{'director': True, 'officer': True, 'ten_pct_owner': False, 'officer_title': 'President, CEO and Chairman'}",P,3500.0,23.4499,82074.65,40948522.0,0.0001,true,2,27902606.56,false,true,False,0000921895-26-002670,https://www.sec.gov/Archives/edgar/data/1767470/000092189526002670/0000921895-26-002670-index.htm
2026-10-02,GME,GameStop Corp.,0001326380,Ryan Cohen,"{'director': True, 'officer': True, 'ten_pct_owner': False, 'officer_title': 'President, CEO and Chairman'}",P,700000.0,24.4061,17084270.0,41648522.0,0.0171,true,2,27902606.56,false,true,False,0000921895-26-002719,https://www.sec.gov/Archives/edgar/data/1767470/000092189526002719/0000921895-26-002719-index.htm
2026-10-01,GME,GameStop Corp.,0001326380,Nat Turner,"{'director': True, 'officer': False, 'ten_pct_owner': False, 'officer_title': ''}",P,10462.0,24.33,254540.46,10462.0,,true,2,27902606.56,false,true,True,0001822293-26-000002,https://www.sec.gov/Archives/edgar/data/1822293/000182229326000002/0001822293-26-000002-index.htm
2026-09-21,GME,GameStop Corp.,0001326380,Ryan Cohen,"{'director': True, 'officer': True, 'ten_pct_owner': False, 'officer_title': 'President, CEO and Chairman'}",P,1150680.0,22.9375,26393722.5,40498522.0,0.0292,true,2,26795680.0,false,true,False,0000921895-26-002608,https://www.sec.gov/Archives/edgar/data/1767470/000092189526002608/0000921895-26-002608-index.htm
2026-09-21,GME,GameStop Corp.,0001326380,Alain Attal,"{'director': True, 'officer': False, 'ten_pct_owner': False, 'officer_title': ''}",P,17500.0,22.969,401957.5,618964.0,0.0291,true,2,26795680.0,false,true,False,0001840485-26-000008,https://www.sec.gov/Archives/edgar/data/1840485/000184048526000008/0001840485-26-000008-index.htm
2026-09-23,CV,"CapsoVision, Inc",0001378325,Eliyahou Harari,"{'director': False, 'officer': False, 'ten_pct_owner': True, 'officer_title': ''}",P,878735.0,5.69,5000002.15,1396494.0,1.6972,true,2,14999995.07,false,true,True,0001009165-26-000009,https://www.sec.gov/Archives/edgar/data/1378325/000100916526000009/0001009165-26-000009-index.htm
2026-09-23,CV,"CapsoVision, Inc",0001378325,Eliyahou Harari,"{'director': False, 'officer': False, 'ten_pct_owner': True, 'officer_title': ''}",P,878734.0,5.69,4999996.46,878734.0,,true,2,14999995.07,false,true,True,0001009165-26-000009,https://www.sec.gov/Archives/edgar/data/1378325/000100916526000009/0001009165-26-000009-index.htm
2026-09-18,cv,"CapsoVision, Inc",0001378325,Ching Shen,"{'director': False, 'officer': False, 'ten_pct_owner': True, 'officer_title': ''}",P,878734.0,5.69,4999996.46,2926655.0,0.4291,true,2,14999995.07,false,true,True,0002102304-26-000003,https://www.sec.gov/Archives/edgar/data/2102304/000210230426000003/0002102304-26-000003-index.htm
2026-10-05,BPRE,Bluerock Private Real Estate Fund,0001551047,Ryan MacDonald,"{'director': True, 'officer': False, 'ten_pct_owner': False, 'officer_title': ''}",P,6700.0,12.7,85090.0,42275.0,0.1883,true,2,11994809.86,false,true,True,0001398344-26-017904,https://www.sec.gov/Archives/edgar/data/1551047/000139834426017904/0001398344-26-017904-index.htm
2026-10-05,BPRE,Bluerock Private Real Estate Fund,0001551047,Ramin Kamfar,"{'director': True, 'officer': False, 'ten_pct_owner': False, 'officer_title': ''}",P,124489.0,12.617,1570677.71,1030849.0,0.1374,true,2,11994809.86,false,true,True,0001398344-26-017906,https://www.sec.gov/Archives/edgar/data/1551047/000139834426017906/0001398344-26-017906-index.htm
2026-10-05,BPRE,Bluerock Private Real Estate Fund,0001551047,Ramin Kamfar,"{'director': True, 'officer': False, 'ten_pct_owner': False, 'officer_title': ''}",P,93744.0,12.7081,1191308.13,1175524.0,0.0867,true,2,11994809.86,false,true,False,0001398344-26-017906,https://www.sec.gov/Archives/edgar/data/1551047/000139834426017906/0001398344-26-017906-index.htm
2026-10-05,BPRE,Bluerock Private Real Estate Fund,0001551047,Ramin Kamfar,"{'director': True, 'officer': False, 'ten_pct_owner': False, 'officer_title': ''}",P,50931.0,12.6879,646207.43,1081780.0,0.0494,true,2,11994809.86,false,true,False,0001398344-26-017906,https://www.sec.gov/Archives/edgar/data/1551047/000139834426017906/0001398344-26-017906-index.htm
2026-10-09,BPRE,Bluerock Private Real Estate Fund,0001551047,Ramin Kamfar,"{'director': True, 'officer': False, 'ten_pct_owner': False, 'officer_title': ''}",P,186612.0,12.9904,2424164.52,1504574.0,0.1416,true,2,11994809.86,false,true,True,0001398344-26-018110,https://www.sec.gov/Archives/edgar/data/1551047/000139834426018110/0001398344-26-018110-index.htm
2026-10-09,BPRE,Bluerock Private Real Estate Fund,0001551047,Ramin Kamfar,"{'director': True, 'officer': False, 'ten_pct_owner': False, 'officer_title': ''}",P,171094.0,13.1692,2253171.1,1827031.0,0.1033,true,2,11994809.86,false,true,True,0001398344-26-018110,https://www.sec.gov/Archives/edgar/data/1551047/000139834426018110/0001398344-26-018110-index.htm
2026-10-09,BPRE,Bluerock Private Real Estate Fund,0001551047,Ramin Kamfar,"{'director': True, 'officer': False, 'ten_pct_owner': False, 'officer_title': ''}",P,150937.0,13.0481,1969441.07,1655937.0,0.1003,true,2,11994809.86,false,true,True,0001398344-26-018110,https://www.sec.gov/Archives/edgar/data/1551047/000139834426018110/0001398344-26-018110-index.htm
2026-10-09,BPRE,Bluerock Private Real Estate Fund,0001551047,Ramin Kamfar,"{'director': True, 'officer': False, 'ten_pct_owner': False, 'officer_title': ''}",P,142420.0,13.0231,1854749.9,1317962.0,0.1212,true,2,11994809.86,false,true,True,0001398344-26-018110,https://www.sec.gov/Archives/edgar/data/1551047/000139834426018110/0001398344-26-018110-index.htm
2026-09-30,NONE,NC SLF Inc.,0001844684,Chrysler Uaw,"{'director': False, 'officer': False, 'ten_pct_owner': True, 'officer_title': ''}",P,510329.0,9.72,4960397.88,35999217.0,0.0144,true,2,10099009.38,false,false,False,0001104659-26-112487,https://www.sec.gov/Archives/edgar/data/1844684/000110465926112487/0001104659-26-112487-index.htm
2026-09-30,NONE,NC SLF Inc.,0001844684,Chrysler Uaw,"{'director': False, 'officer': False, 'ten_pct_owner': True, 'officer_title': ''}",P,309661.0,9.72,3009904.92,21843832.0,0.0144,true,2,10099009.38,false,false,False,0001104659-26-112487,https://www.sec.gov/Archives/edgar/data/1844684/000110465926112487/0001104659-26-112487-index.htm
2026-09-30,NONE,NC SLF Inc.,0001844684,Chrysler Uaw,"{'director': False, 'officer': False, 'ten_pct_owner': True, 'officer_title': ''}",P,198631.0,9.72,1930693.32,14011666.0,0.0144,true,2,10099009.38,false,false,False,0001104659-26-112487,https://www.sec.gov/Archives/edgar/data/1844684/000110465926112487/0001104659-26-112487-index.htm
2026-09-30,NONE,NC SLF Inc.,0001844684,TEACHERS INSURANCE & ANNUITY ASSOCIATION OF AMERICA,"{'director': False, 'officer': False, 'ten_pct_owner': False, 'officer_title': ''}",P,10186.0,9.72,99007.92,537873.0,0.0193,true,2,10099009.38,false,false,False,0001225208-26-008002,https://www.sec.gov/Archives/edgar/data/1844684/000122520826008002/0001225208-26-008002-index.htm
2026-09-30,NONE,NC SLF Inc.,0001844684,TEACHERS INSURANCE & ANNUITY ASSOCIATION OF AMERICA,"{'director': False, 'officer': False, 'ten_pct_owner': False, 'officer_title': ''}",P,10249.0,9.66,99005.34,527687.0,0.0198,true,2,10099009.38,false,false,False,0001225208-26-008002,https://www.sec.gov/Archives/edgar/data/1844684/000122520826008002/0001225208-26-008002-index.htm
2026-10-02,PORT.U,Southport Acquisition Corp. II,0002148436,Jeb Spencer,"{'director': True, 'officer': True, 'ten_pct_owner': True, 'officer_title': 'CEO and CFO'}",P,500000.0,10.0,5000000.0,500000.0,,true,2,10000000.0,false,true,True,0001185185-26-004541,https://www.sec.gov/Archives/edgar/data/2151215/000118518526004541/0001185185-26-004541-index.htm
2026-10-02,PORT.U,Southport Acquisition Corp. II,0002148436,SOUTHPORT ACQUISITION SPONSOR II LLC,"{'director': False, 'officer': False, 'ten_pct_owner': True, 'officer_title': ''}",P,500000.0,10.0,5000000.0,500000.0,,true,2,10000000.0,false,true,True,0001185185-26-004542,https://www.sec.gov/Archives/edgar/data/2151492/000118518526004542/0001185185-26-004542-index.htm
2026-09-24,NONE,Blackstone Private Real Estate Credit & Income Fund,0002049733,Blackstone Private Multi-Asset Credit & Income Fund,"{'director': False, 'officer': False, 'ten_pct_owner': True, 'officer_title': ''}",P,191058.464,26.17,5000000.0,8895477.88,0.0219,true,2,10000000.0,false,false,False,0001213900-26-103145,https://www.sec.gov/Archives/edgar/data/2149592/000121390026103145/0001213900-26-103145-index.htm
2026-09-24,NONE,Blackstone Private Real Estate Credit & Income Fund,0002049733,Blackstone Holdings IV L.P.,"{'director': False, 'officer': False, 'ten_pct_owner': True, 'officer_title': ''}",P,191058.464,26.17,5000000.0,8895477.88,0.0219,true,2,10000000.0,false,false,False,0001213900-26-103146,https://www.sec.gov/Archives/edgar/data/2049733/000121390026103146/0001213900-26-103146-index.htm
2026-09-30,BPRE,Bluerock Private Real Estate Fund,0001551047,Ramin Kamfar,"{'director': True, 'officer': False, 'ten_pct_owner': False, 'officer_title': ''}",P,154104.0,12.6119,1943544.24,906360.0,0.2049,true,2,8844527.32,false,true,True,0001398344-26-017661,https://www.sec.gov/Archives/edgar/data/1551047/000139834426017661/0001398344-26-017661-index.htm
2026-09-30,BPRE,Bluerock Private Real Estate Fund,0001551047,Ramin Kamfar,"{'director': True, 'officer': False, 'ten_pct_owner': False, 'officer_title': ''}",P,135817.0,12.6029,1711688.07,752256.0,0.2203,true,2,8844527.32,false,true,True,0001398344-26-017661,https://www.sec.gov/Archives/edgar/data/1551047/000139834426017661/0001398344-26-017661-index.htm
2026-09-30,BPRE,Bluerock Private Real Estate Fund,0001551047,Ramin Kamfar,"{'director': True, 'officer': False, 'ten_pct_owner': False, 'officer_title': ''}",P,135669.0,12.5011,1696011.74,616439.0,0.2822,true,2,8844527.32,false,true,True,0001398344-26-017661,https://www.sec.gov/Archives/edgar/data/1551047/000139834426017661/0001398344-26-017661-index.htm
2026-09-11,CYBN,Cybin Inc.,0001833141,Eric So,"{'director': True, 'officer': True, 'ten_pct_owner': False, 'officer_title': 'Executive Chair'}",P,100000.0,12.3867,1238670.0,4465014.0,0.0229,true,2,8284382.0,false,true,False,0000912282-26-001261,https://www.sec.gov/Archives/edgar/data/1833141/000091228226001261/0000912282-26-001261-index.htm
2026-09-11,CYBN,Cybin Inc.,0001833141,Paul Glavine,"{'director': False, 'officer': True, 'ten_pct_owner': False, 'officer_title': 'Chief Growth Officer'}",P,100000.0,12.4719,1247190.0,4271252.0,0.024,true,2,8284382.0,false,true,False,0000912282-26-001263,https://www.sec.gov/Archives/edgar/data/1833141/000091228226001263/0000912282-26-001263-index.htm
2026-09-11,CYBN,Cybin Inc.,0001833141,Paul Glavine,"{'director': False, 'officer': True, 'ten_pct_owner': False, 'officer_title': 'Chief Growth Officer'}",P,100000.0,12.4719,1247190.0,4271252.0,0.024,true,2,8284382.0,false,true,False,0000912282-26-001264,https://www.sec.gov/Archives/edgar/data/1833141/000091228226001264/0000912282-26-001264-index.htm
2026-09-24,NYAX,Nayax Ltd.,0001901279,David Ben-Avi,"{'director': True, 'officer': True, 'ten_pct_owner': False, 'officer_title': 'CTO and Co Founder'}",P,1554.0,43.182,67104.83,6591702.0,0.0002,true,2,6691431.08,false,true,False,0001976408-26-000864,https://www.sec.gov/Archives/edgar/data/2000237/000197640826000864/0001976408-26-000864-index.htm
2026-09-24,NYAX,Nayax Ltd.,0001901279,Yair Nechmad,"{'director': False, 'officer': True, 'ten_pct_owner': False, 'officer_title': 'CEO, Co Founder & Chairman'}",P,104511.0,44.0884,4607722.77,7433558.0,0.0143,true,2,6691431.08,false,true,False,0001976408-26-000865,https://www.sec.gov/Archives/edgar/data/1999370/000197640826000865/0001976408-26-000865-index.htm
2026-09-30,NYAX,Nayax Ltd.,0001901279,Yair Nechmad,"{'director': False, 'officer': True, 'ten_pct_owner': False, 'officer_title': 'CEO, Co Founder & Chairman'}",P,19000.0,44.7953,851110.7,7476704.0,0.0025,true,2,6691431.08,false,true,False,0001976408-26-000874,https://www.sec.gov/Archives/edgar/data/1999370/000197640826000874/0001976408-26-000874-index.htm
2026-09-30,NYAX,Nayax Ltd.,0001901279,Yair Nechmad,"{'director': False, 'officer': True, 'ten_pct_owner': False, 'officer_title': 'CEO, Co Founder & Chairman'}",P,9642.0,45.2055,435871.43,7457704.0,0.0013,true,2,6691431.08,false,true,False,0001976408-26-000874,https://www.sec.gov/Archives/edgar/data/1999370/000197640826000874/0001976408-26-000874-index.htm
2026-09-30,NYAX,Nayax Ltd.,0001901279,Yair Nechmad,"{'director': False, 'officer': True, 'ten_pct_owner': False, 'officer_title': 'CEO, Co Founder & Chairman'}",P,8000.0,44.71,357680.0,7441558.0,0.0011,true,2,6691431.08,false,true,False,0001976408-26-000874,https://www.sec.gov/Archives/edgar/data/1999370/000197640826000874/0001976408-26-000874-index.htm
2026-09-30,NYAX,Nayax Ltd.,0001901279,Yair Nechmad,"{'director': False, 'officer': True, 'ten_pct_owner': False, 'officer_title': 'CEO, Co Founder & Chairman'}",P,5504.0,45.0231,247807.14,7448062.0,0.0007,true,2,6691431.08,false,true,False,0001976408-26-000874,https://www.sec.gov/Archives/edgar/data/1999370/000197640826000874/0001976408-26-000874-index.htm
2026-09-30,NYAX,Nayax Ltd.,0001901279,Yair Nechmad,"{'director': False, 'officer': True, 'ten_pct_owner': False, 'officer_title': 'CEO, Co Founder & Chairman'}",P,2789.0,44.5085,124134.21,7480493.0,0.0004,true,2,6691431.08,false,true,False,0001976408-26-000874,https://www.sec.gov/Archives/edgar/data/1999370/000197640826000874/0001976408-26-000874-index.htm
2026-09-23,BPRE,Bluerock Private Real Estate Fund,0001551047,Ryan MacDonald,"{'director': True, 'officer': False, 'ten_pct_owner': False, 'officer_title': ''}",P,10400.0,11.9733,124522.32,35575.0,0.4131,true,2,5475766.37,false,true,True,0001398344-26-017349,https://www.sec.gov/Archives/edgar/data/1722524/000139834426017349/0001398344-26-017349-index.htm
2026-09-23,CRAFX,Cascade Real Assets Fund,0002114459,Stephen Nesbitt,"{'director': True, 'officer': True, 'ten_pct_owner': False, 'officer_title': 'President'}",P,500000.0,10.0,5000000.0,500000.0,,true,2,5300000.0,false,false,True,0001213900-26-102533,https://www.sec.gov/Archives/edgar/data/2114459/000121390026102533/0001213900-26-102533-index.htm
2026-09-29,CRAFX,Cascade Real Assets Fund,0002114459,Paul Williams,"{'director': True, 'officer': False, 'ten_pct_owner': False, 'officer_title': ''}",P,22000.0,10.0,220000.0,22000.0,,true,2,5300000.0,false,false,True,0001213900-26-104418,https://www.sec.gov/Archives/edgar/data/2114459/000121390026104418/0001213900-26-104418-index.htm
2026-09-29,CRAFX,Cascade Real Assets Fund,0002114459,Paul Williams,"{'director': True, 'officer': False, 'ten_pct_owner': False, 'officer_title': ''}",P,8000.0,10.0,80000.0,30000.0,0.3636,true,2,5300000.0,false,false,True,0001213900-26-104418,https://www.sec.gov/Archives/edgar/data/2114459/000121390026104418/0001213900-26-104418-index.htm
2026-09-17,BORR,Borr Drilling Ltd,0001715497,Tor Troim,"{'director': True, 'officer': False, 'ten_pct_owner': False, 'officer_title': ''}",P,1000000.0,4.2995,4299500.0,30385941.0,0.034,true,2,5156625.0,false,true,False,0001628280-26-062396,https://www.sec.gov/Archives/edgar/data/1715497/000162828026062396/0001628280-26-062396-index.htm
2026-09-18,BORR,Borr Drilling Ltd,0001715497,Tor Troim,"{'director': True, 'officer': False, 'ten_pct_owner': False, 'officer_title': ''}",P,150000.0,4.3795,656925.0,30535941.0,0.0049,true,2,5156625.0,false,true,False,0001628280-26-062623,https://www.sec.gov/Archives/edgar/data/1715497/000162828026062623/0001628280-26-062623-index.htm
2026-09-21,BORR,Borr Drilling Ltd,0001715497,De Morand,"{'director': False, 'officer': True, 'ten_pct_owner': False, 'officer_title': 'Chief Executive Officer'}",P,45500.0,4.4,200200.0,1015328.0,0.0469,true,2,5156625.0,false,true,False,0001628280-26-062804,https://www.sec.gov/Archives/edgar/data/2117088/000162828026062804/0001628280-26-062804-index.htm
2026-09-30,BBASX,"AMG BBH Asset-Backed Credit Fund, LLC",0002097545,BROWN BROTHERS HARRIMAN & CO,"{'director': False, 'officer': False, 'ten_pct_owner': True, 'officer_title': ''}",P,70175.439,11.4,800000.0,460615.954,0.1797,true,2,4000000.0,false,false,True,0000929638-26-003758,https://www.sec.gov/Archives/edgar/data/2097545/000092963826003758/0000929638-26-003758-index.htm
2026-10-01,BBASX,"AMG BBH Asset-Backed Credit Fund, LLC",0002097545,AMG New York Holdings Corp.,"{'director': False, 'officer': False, 'ten_pct_owner': True, 'officer_title': ''}",P,280701.754,11.4,3200000.0,1822463.816,0.1821,true,2,4000000.0,false,false,True,0001193125-26-410415,https://www.sec.gov/Archives/edgar/data/2097545/000119312526410415/0001193125-26-410415-index.htm
2026-09-16,MNR,Mach Natural Resources LP,0001980088,Tom Ward,"{'director': True, 'officer': True, 'ten_pct_owner': True, 'officer_title': ''}",P,172413.0,11.6,1999990.8,13467452.0,0.013,true,2,2388892.8,false,true,False,0001213900-26-100673,https://www.sec.gov/Archives/edgar/data/1980088/000121390026100673/0001213900-26-100673-index.htm
2026-09-17,MNR,Mach Natural Resources LP,0001980088,William McMullen,"{'director': True, 'officer': False, 'ten_pct_owner': True, 'officer_title': ''}",P,22124.0,11.25,248895.0,22124.0,,true,2,2388892.8,false,true,True,0001213900-26-101024,https://www.sec.gov/Archives/edgar/data/1980088/000121390026101024/0001213900-26-101024-index.htm
2026-09-17,MNR,Mach Natural Resources LP,0001980088,William McMullen,"{'director': True, 'officer': False, 'ten_pct_owner': True, 'officer_title': ''}",P,12390.0,11.3,140007.0,74872307.0,0.0002,true,2,2388892.8,false,true,False,0001213900-26-101024,https://www.sec.gov/Archives/edgar/data/1980088/000121390026101024/0001213900-26-101024-index.htm
2026-10-01,XENE,Xenon Pharmaceuticals Inc.,0001582313,Ian Mortimer,"{'director': True, 'officer': True, 'ten_pct_owner': False, 'officer_title': 'PRESIDENT & CEO'}",P,30000.0,37.38,1121400.0,49923.0,1.5058,true,2,1681140.0,false,true,True,0001193125-26-409999,https://www.sec.gov/Archives/edgar/data/1619961/000119312526409999/0001193125-26-409999-index.htm
2026-10-01,XENE,Xenon Pharmaceuticals Inc.,0001582313,Thomas Kelly,"{'director': False, 'officer': True, 'ten_pct_owner': False, 'officer_title': 'Chief Financial Officer'}",P,15000.0,37.316,559740.0,15000.0,,true,2,1681140.0,false,true,True,0001193125-26-410001,https://www.sec.gov/Archives/edgar/data/1582313/000119312526410001/0001193125-26-410001-index.htm
2026-09-11,RLMD,"Relmada Therapeutics, Inc.",0001553643,Sergio Traversa,"{'director': True, 'officer': True, 'ten_pct_owner': False, 'officer_title': 'Chief Executive Officer'}",P,100000.0,4.18,418000.0,1400000.0,0.0769,true,2,1671990.0,false,true,False,0001213900-26-098969,https://www.sec.gov/Archives/edgar/data/1553643/000121390026098969/0001213900-26-098969-index.htm
2026-09-11,RLMD,"Relmada Therapeutics, Inc.",0001553643,Sergio Traversa,"{'director': True, 'officer': True, 'ten_pct_owner': False, 'officer_title': 'Chief Executive Officer'}",P,100000.0,4.1,410000.0,1500000.0,0.0714,true,2,1671990.0,false,true,False,0001213900-26-098969,https://www.sec.gov/Archives/edgar/data/1553643/000121390026098969/0001213900-26-098969-index.htm
2026-09-11,RLMD,"Relmada Therapeutics, Inc.",0001553643,Maged Shenouda,"{'director': False, 'officer': True, 'ten_pct_owner': False, 'officer_title': 'Chief Financial Officer'}",P,120200.0,4.2,504840.0,920200.0,0.1502,true,2,1671990.0,false,true,True,0001213900-26-098970,https://www.sec.gov/Archives/edgar/data/1553643/000121390026098970/0001213900-26-098970-index.htm
2026-09-11,RLMD,"Relmada Therapeutics, Inc.",0001553643,Maged Shenouda,"{'director': False, 'officer': True, 'ten_pct_owner': False, 'officer_title': 'Chief Financial Officer'}",P,79800.0,4.25,339150.0,1000000.0,0.0867,true,2,1671990.0,false,true,False,0001213900-26-098970,https://www.sec.gov/Archives/edgar/data/1553643/000121390026098970/0001213900-26-098970-index.htm
2026-09-24,HHH,Howard Hughes Holdings Inc.,0001981792,Andrew Davis,"{'director': False, 'officer': True, 'ten_pct_owner': False, 'officer_title': 'Chief Operating Officer, HHC'}",P,1000.0,64.49,64490.0,32530.0,0.0317,true,2,1667427.5,false,true,False,0001104659-26-110504,https://www.sec.gov/Archives/edgar/data/2061033/000110465926110504/0001104659-26-110504-index.htm
2026-09-24,HHH,Howard Hughes Holdings Inc.,0001981792,Marc Grandisson,"{'director': True, 'officer': True, 'ten_pct_owner': False, 'officer_title': 'Executive Chairman, Vantage'}",P,25000.0,64.1175,1602937.5,96943.0,0.3475,true,2,1667427.5,false,true,True,0001104659-26-110505,https://www.sec.gov/Archives/edgar/data/1981792/000110465926110505/0001104659-26-110505-index.htm
2026-09-28,INBX,"Inhibrx Biosciences, Inc.",0002007919,Mark Lappe,"{'director': True, 'officer': True, 'ten_pct_owner': False, 'officer_title': 'Chief Executive Officer'}",P,3324.0,98.8659,328630.25,733872.0,0.0046,true,2,1498783.69,false,true,False,0001366074-26-000004,https://www.sec.gov/Archives/edgar/data/2007919/000136607426000004/0001366074-26-000004-index.htm
2026-09-28,INBX,"Inhibrx Biosciences, Inc.",0002007919,Mark Lappe,"{'director': True, 'officer': True, 'ten_pct_owner': False, 'officer_title': 'Chief Executive Officer'}",P,3000.0,101.702,305106.0,740548.0,0.0041,true,2,1498783.69,false,true,False,0001366074-26-000004,https://www.sec.gov/Archives/edgar/data/2007919/000136607426000004/0001366074-26-000004-index.htm
2026-09-28,INBX,"Inhibrx Biosciences, Inc.",0002007919,Mark Lappe,"{'director': True, 'officer': True, 'ten_pct_owner': False, 'officer_title': 'Chief Executive Officer'}",P,2176.0,99.5988,216726.99,736048.0,0.003,true,2,1498783.69,false,true,False,0001366074-26-000004,https://www.sec.gov/Archives/edgar/data/2007919/000136607426000004/0001366074-26-000004-index.htm
2026-09-28,INBX,"Inhibrx Biosciences, Inc.",0002007919,Mark Lappe,"{'director': True, 'officer': True, 'ten_pct_owner': False, 'officer_title': 'Chief Executive Officer'}",P,1500.0,98.8803,148320.45,737548.0,0.002,true,2,1498783.69,false,true,False,0001366074-26-000004,https://www.sec.gov/Archives/edgar/data/2007919/000136607426000004/0001366074-26-000004-index.htm
2026-09-23,INBX,"Inhibrx Biosciences, Inc.",0002007919,Jon Kayyem,"{'director': True, 'officer': False, 'ten_pct_owner': False, 'officer_title': ''}",P,5000.0,100.0,500000.0,434360.0,0.0116,true,2,1498783.69,false,true,False,0001366268-26-000011,https://www.sec.gov/Archives/edgar/data/2007919/000136626826000011/0001366268-26-000011-index.htm
2026-09-22,BCBP,Bcb Bancorp Inc,0001228454,Jawad Chaudhry,"{'director': False, 'officer': True, 'ten_pct_owner': False, 'officer_title': 'CHIEF FINANCIAL OFFICER'}",P,10000.0,7.75,77500.0,62500.0,0.1905,true,2,1317500.0,false,true,True,0001193125-26-397672,https://www.sec.gov/Archives/edgar/data/1953663/000119312526397672/0001193125-26-397672-index.htm
2026-09-22,BCBP,Bcb Bancorp Inc,0001228454,Thomas OBrien,"{'director': True, 'officer': True, 'ten_pct_owner': False, 'officer_title': 'CHIEF EXECUTIVE OFFICER'}",P,160000.0,7.75,1240000.0,869220.0,0.2256,true,2,1317500.0,false,true,True,0001193125-26-397677,https://www.sec.gov/Archives/edgar/data/1381048/000119312526397677/0001193125-26-397677-index.htm
2026-10-05,N/A,CAZ GP Stakes Growth Fund,0002128311,Christopher Zook,"{'director': False, 'officer': False, 'ten_pct_owner': False, 'officer_title': ''}",P,25599.49,20.0,511989.8,25599.49,,true,2,853316.4,false,false,True,0001213900-26-106873,https://www.sec.gov/Archives/edgar/data/2128311/000121390026106873/0001213900-26-106873-index.htm
2026-10-05,N/A,CAZ GP Stakes Growth Fund,0002128311,Matthew Lindholm,"{'director': False, 'officer': False, 'ten_pct_owner': False, 'officer_title': ''}",P,17066.33,20.0,341326.6,17066.33,,true,2,853316.4,false,false,True,0001213900-26-106875,https://www.sec.gov/Archives/edgar/data/2128311/000121390026106875/0001213900-26-106875-index.htm
2026-09-15,VENU,Venu Holding Corp,0001770501,Thomas Finke,"{'director': True, 'officer': False, 'ten_pct_owner': False, 'officer_title': ''}",P,200000.0,1.75,350000.0,329605.0,1.5432,true,2,700000.0,false,true,True,0001493152-26-042742,https://www.sec.gov/Archives/edgar/data/1363651/000149315226042742/0001493152-26-042742-index.htm
2026-09-15,VENU,Venu Holding Corp,0001770501,Jay Roth,"{'director': True, 'officer': True, 'ten_pct_owner': True, 'officer_title': 'CEO & Chairman'}",P,200000.0,1.75,350000.0,262500.0,3.2,true,2,700000.0,false,true,True,0001493152-26-042743,https://www.sec.gov/Archives/edgar/data/1005645/000149315226042743/0001493152-26-042743-index.htm
2026-09-23,INR,"Infinity Natural Resources, Inc.",0002029118,Scott Gieselman,"{'director': True, 'officer': False, 'ten_pct_owner': False, 'officer_title': ''}",P,18467.0,12.624,233127.41,113467.0,0.1944,true,2,659479.41,false,true,True,0002029118-26-000108,https://www.sec.gov/Archives/edgar/data/2029118/000202911826000108/0002029118-26-000108-index.htm
2026-09-23,INR,"Infinity Natural Resources, Inc.",0002029118,Scott Gieselman,"{'director': True, 'officer': False, 'ten_pct_owner': False, 'officer_title': ''}",P,10000.0,13.065,130650.0,123467.0,0.0881,true,2,659479.41,false,true,False,0002029118-26-000108,https://www.sec.gov/Archives/edgar/data/2029118/000202911826000108/0002029118-26-000108-index.htm
2026-09-28,INR,"Infinity Natural Resources, Inc.",0002029118,Cary Baetz,"{'director': False, 'officer': True, 'ten_pct_owner': False, 'officer_title': 'EVP and CFO'}",P,22000.0,13.441,295702.0,22000.0,,true,2,659479.41,false,true,True,0002029118-26-000113,https://www.sec.gov/Archives/edgar/data/2029118/000202911826000113/0002029118-26-000113-index.htm
2026-09-14,CROX,"Crocs, Inc.",0001334036,Thomas Smach,"{'director': True, 'officer': False, 'ten_pct_owner': False, 'officer_title': ''}",P,3000.0,109.4215,328264.5,93249.0,0.0332,true,2,612570.23,false,true,False,0001194106-26-000012,https://www.sec.gov/Archives/edgar/data/1334036/000119410626000012/0001194106-26-000012-index.htm
2026-09-14,CROX,"Crocs, Inc.",0001334036,Thomas Smach,"{'director': True, 'officer': False, 'ten_pct_owner': False, 'officer_title': ''}",P,1000.0,109.265,109265.0,112063.0,0.009,true,2,612570.23,false,true,False,0001194106-26-000012,https://www.sec.gov/Archives/edgar/data/1334036/000119410626000012/0001194106-26-000012-index.htm
2026-09-16,CROX,"Crocs, Inc.",0001334036,Thomas Smach,"{'director': True, 'officer': False, 'ten_pct_owner': False, 'officer_title': ''}",P,680.0,111.49,75813.2,680.0,,true,2,612570.23,false,true,True,0001194106-26-000014,https://www.sec.gov/Archives/edgar/data/1334036/000119410626000014/0001194106-26-000014-index.htm
2026-09-16,CROX,"Crocs, Inc.",0001334036,Beth Kaplan,"{'director': True, 'officer': False, 'ten_pct_owner': False, 'officer_title': ''}",P,885.0,112.1215,99227.53,15259.0,0.0616,true,2,612570.23,false,true,False,0001247154-26-000005,https://www.sec.gov/Archives/edgar/data/1334036/000124715426000005/0001247154-26-000005-index.htm
2026-10-08,FUL,Fuller H B Co,0000039368,Bailly Jeffrey,"{'director': True, 'officer': False, 'ten_pct_owner': False, 'officer_title': ''}",P,10000.0,50.0,500000.0,10000.0,,true,2,599250.0,false,true,True,0001225208-26-008325,https://www.sec.gov/Archives/edgar/data/1033284/000122520826008325/0001225208-26-008325-index.htm
2026-09-14,DOMH,Dominari Holdings Inc.,0000012239,Kyle Wool,"{'director': True, 'officer': True, 'ten_pct_owner': False, 'officer_title': 'President'}",P,50000.0,2.1627,108135.0,4311828.0,0.0117,true,2,418380.0,false,true,False,0001213900-26-099456,https://www.sec.gov/Archives/edgar/data/12239/000121390026099456/0001213900-26-099456-index.htm
2026-09-14,DOMH,Dominari Holdings Inc.,0000012239,Kyle Wool,"{'director': True, 'officer': True, 'ten_pct_owner': False, 'officer_title': 'President'}",P,50000.0,2.0211,101055.0,4261828.0,0.0119,true,2,418380.0,false,true,False,0001213900-26-099456,https://www.sec.gov/Archives/edgar/data/12239/000121390026099456/0001213900-26-099456-index.htm
2026-09-14,DOMH,Dominari Holdings Inc.,0000012239,Anthony Hayes,"{'director': True, 'officer': True, 'ten_pct_owner': False, 'officer_title': 'CEO'}",P,50000.0,2.1627,108135.0,4600873.0,0.011,true,2,418380.0,false,true,False,0001213900-26-099457,https://www.sec.gov/Archives/edgar/data/12239/000121390026099457/0001213900-26-099457-index.htm
2026-09-14,DOMH,Dominari Holdings Inc.,0000012239,Anthony Hayes,"{'director': True, 'officer': True, 'ten_pct_owner': False, 'officer_title': 'CEO'}",P,50000.0,2.0211,101055.0,4550873.0,0.0111,true,2,418380.0,false,true,False,0001213900-26-099457,https://www.sec.gov/Archives/edgar/data/12239/000121390026099457/0001213900-26-099457-index.htm
2026-09-15,LMB,"Limbach Holdings, Inc.",0001606163,Joshua Horowitz,"{'director': True, 'officer': False, 'ten_pct_owner': False, 'officer_title': ''}",P,3346.0,50.6069,169330.69,170546.0,0.02,true,2,396374.91,false,true,False,0001104659-26-108006,https://www.sec.gov/Archives/edgar/data/1726444/000110465926108006/0001104659-26-108006-index.htm
2026-09-15,LMB,"Limbach Holdings, Inc.",0001606163,Joshua Horowitz,"{'director': True, 'officer': False, 'ten_pct_owner': False, 'officer_title': ''}",P,2600.0,49.0097,127425.22,167200.0,0.0158,true,2,396374.91,false,true,False,0001104659-26-108006,https://www.sec.gov/Archives/edgar/data/1726444/000110465926108006/0001104659-26-108006-index.htm
2026-09-16,LMB,"Limbach Holdings, Inc.",0001606163,David Gaboury,"{'director': True, 'officer': False, 'ten_pct_owner': False, 'officer_title': ''}",P,1940.0,51.35,99619.0,7193.0,0.3693,true,2,396374.91,false,true,True,0001628280-26-062236,https://www.sec.gov/Archives/edgar/data/2026309/000162828026062236/0001628280-26-062236-index.htm
2026-09-16,TH,Target Hospitality Corp.,0001712189,James Archer,"{'director': True, 'officer': True, 'ten_pct_owner': False, 'officer_title': 'Director and CEO and President'}",P,13385.0,18.69,250165.65,1845441.0,0.0073,true,2,375157.77,false,true,False,0001712189-26-000059,https://www.sec.gov/Archives/edgar/data/1763054/000171218926000059/0001712189-26-000059-index.htm
2026-09-18,TH,Target Hospitality Corp.,0001712189,Troy Schrenk,"{'director': False, 'officer': True, 'ten_pct_owner': False, 'officer_title': 'Chief Commercial Officer'}",P,5907.0,21.16,124992.12,216995.0,0.028,true,2,375157.77,false,true,False,0001712189-26-000061,https://www.sec.gov/Archives/edgar/data/1763047/000171218926000061/0001712189-26-000061-index.htm
2026-09-11,KMT,Kennametal Inc,0000055242,Sanjay Chowbey,"{'director': False, 'officer': True, 'ten_pct_owner': False, 'officer_title': 'President and CEO'}",P,7000.0,29.1,203700.0,246839.373,0.0292,true,2,354750.0,false,true,False,0001782435-26-000003,https://www.sec.gov/Archives/edgar/data/1782435/000178243526000003/0001782435-26-000003-index.htm
2026-10-01,NONE,Blackstone Private Equity Strategies Fund L.P.,0001930054,Joan Solotar,"{'director': True, 'officer': False, 'ten_pct_owner': False, 'officer_title': ''}",P,4354.984,39.7246,173000.0,215562.136,0.0206,true,2,304000.01,false,false,False,0001193125-26-410738,https://www.sec.gov/Archives/edgar/data/1930054/000119312526410738/0001193125-26-410738-index.htm
2026-10-01,NONE,Blackstone Private Equity Strategies Fund L.P.,0001930054,Christopher James,"{'director': True, 'officer': True, 'ten_pct_owner': False, 'officer_title': 'Chairperson'}",P,3297.705,39.7246,131000.01,19424.31,0.2045,true,2,304000.01,false,false,True,0001193125-26-410740,https://www.sec.gov/Archives/edgar/data/1930054/000119312526410740/0001193125-26-410740-index.htm
2026-09-21,SKIL,Skillsoft Corp.,0001774675,Ronald Hovsepian,"{'director': True, 'officer': True, 'ten_pct_owner': False, 'officer_title': 'CEO & Executive Chair'}",P,12777.0,6.5176,83275.38,362746.0,0.0365,true,2,262642.06,false,true,False,0001091482-26-000015,https://www.sec.gov/Archives/edgar/data/1091482/000109148226000015/0001091482-26-000015-index.htm
2026-09-23,SKIL,Skillsoft Corp.,0001774675,Ronald Hovsepian,"{'director': True, 'officer': True, 'ten_pct_owner': False, 'officer_title': 'CEO & Executive Chair'}",P,8325.0,6.0987,50771.68,371071.0,0.0229,true,2,262642.06,false,true,False,0001091482-26-000017,https://www.sec.gov/Archives/edgar/data/1091482/000109148226000017/0001091482-26-000017-index.htm
2026-09-17,SKIL,Skillsoft Corp.,0001774675,Jim Frankola,"{'director': True, 'officer': False, 'ten_pct_owner': False, 'officer_title': ''}",P,25000.0,5.1438,128595.0,132736.0,0.232,true,2,262642.06,false,true,True,0001183231-26-000011,https://www.sec.gov/Archives/edgar/data/1774675/000118323126000011/0001183231-26-000011-index.htm
2026-09-24,FTHY,First Trust High Yield Opportunities 2027 Term Fund,0001810523,William Housey,"{'director': False, 'officer': False, 'ten_pct_owner': False, 'officer_title': ''}",P,5000.0,12.95,64750.0,16841.0,0.4223,true,2,258497.0,false,true,True,0001445546-26-007116,https://www.sec.gov/Archives/edgar/data/1810523/000144554626007116/0001445546-26-007116-index.htm
2026-09-25,FTHY,First Trust High Yield Opportunities 2027 Term Fund,0001810523,William Housey,"{'director': False, 'officer': False, 'ten_pct_owner': False, 'officer_title': ''}",P,5000.0,12.9,64500.0,21841.0,0.2969,true,2,258497.0,false,true,True,0001445546-26-007128,https://www.sec.gov/Archives/edgar/data/1810523/000144554626007128/0001445546-26-007128-index.htm
2026-09-28,FTHY,First Trust High Yield Opportunities 2027 Term Fund,0001810523,David Mcgarel,"{'director': False, 'officer': True, 'ten_pct_owner': False, 'officer_title': 'Officer-Investment Adviser'}",P,10000.0,12.9247,129247.0,24000.0,0.7143,true,2,258497.0,false,true,True,0001445546-26-007146,https://www.sec.gov/Archives/edgar/data/1810523/000144554626007146/0001445546-26-007146-index.htm
2026-09-15,GAM,General American Investors Co Inc,0000040417,Eugene Stark,"{'director': False, 'officer': True, 'ten_pct_owner': False, 'officer_title': 'VP Administration'}",P,5000.0,24.0,120000.0,17000.0,0.4167,true,2,213840.0,false,true,True,0000040417-26-000047,https://www.sec.gov/Archives/edgar/data/40417/000004041726000047/0000040417-26-000047-index.htm
2026-09-22,NONE,Fortress Private Lending Fund,0002012139,Avraham Dreyfuss,"{'director': False, 'officer': True, 'ten_pct_owner': False, 'officer_title': 'Chief Financial Officer'}",P,4133.0,24.1947,99996.7,4176.0,,true,2,199993.4,false,false,True,0001140361-26-037356,https://www.sec.gov/Archives/edgar/data/2016208/000114036126037356/0001140361-26-037356-index.htm
2026-09-22,NONE,Fortress Private Lending Fund,0002012139,Lucy Munro,"{'director': True, 'officer': True, 'ten_pct_owner': False, 'officer_title': 'Chief Operating Officer'}",P,4133.0,24.1947,99996.7,4220.0,,true,2,199993.4,false,false,True,0001140361-26-037358,https://www.sec.gov/Archives/edgar/data/2062693/000114036126037358/0001140361-26-037358-index.htm
2026-09-28,PDI,PIMCO Dynamic Income Fund,0001510599,Alan Rappaport,"{'director': True, 'officer': False, 'ten_pct_owner': False, 'officer_title': ''}",P,5500.0,13.7554,75654.7,9313.0,1.4424,true,2,155540.2,false,true,True,0001495443-26-000007,https://www.sec.gov/Archives/edgar/data/1510599/000149544326000007/0001495443-26-000007-index.htm
2026-09-24,PDI,PIMCO Dynamic Income Fund,0001510599,Sonya Morris,"{'director': True, 'officer': False, 'ten_pct_owner': False, 'officer_title': ''}",P,5700.0,14.015,79885.5,5700.0,,true,2,155540.2,false,true,True,0002084606-26-000014,https://www.sec.gov/Archives/edgar/data/2084606/000208460626000014/0002084606-26-000014-index.htm
2026-09-25,DFDV,DeFi Development Corp.,0001805526,Parker White,"{'director': False, 'officer': False, 'ten_pct_owner': True, 'officer_title': ''}",P,9462.0,8.96,84779.52,9462.0,,true,2,145775.52,false,true,True,0002061848-26-000005,https://www.sec.gov/Archives/edgar/data/2061848/000206184826000005/0002061848-26-000005-index.htm
2026-09-23,DFDV,DeFi Development Corp.,0001805526,Daniel Kang,"{'director': False, 'officer': True, 'ten_pct_owner': False, 'officer_title': 'Chief Strategy Officer'}",P,6900.0,8.84,60996.0,6900.0,,true,2,145775.52,false,true,True,0002087925-26-000006,https://www.sec.gov/Archives/edgar/data/2087925/000208792526000006/0002087925-26-000006-index.htm
2026-09-22,FLNC,"Fluence Energy, Inc.",0001868941,Harald von Heynitz,"{'director': True, 'officer': False, 'ten_pct_owner': False, 'officer_title': ''}",P,7000.0,7.36,51520.0,65550.0,0.1196,true,2,125120.0,false,true,True,0001868941-26-000048,https://www.sec.gov/Archives/edgar/data/1868941/000186894126000048/0001868941-26-000048-index.htm
2026-09-22,FLNC,"Fluence Energy, Inc.",0001868941,Herman Bulls,"{'director': True, 'officer': False, 'ten_pct_owner': False, 'officer_title': ''}",P,10000.0,7.36,73600.0,169550.0,0.0627,true,2,125120.0,false,true,False,0001868941-26-000050,https://www.sec.gov/Archives/edgar/data/1205068/000186894126000050/0001868941-26-000050-index.htm
2026-10-01,PRHI,"Presurance Holdings, Inc.",0001502292,Brian Roney,"{'director': False, 'officer': True, 'ten_pct_owner': False, 'officer_title': 'Chief Executive Officer'}",P,7500.0,6.7497,50622.75,80390.0,0.1029,true,2,124869.45,false,true,True,0001193125-26-410894,https://www.sec.gov/Archives/edgar/data/1502292/000119312526410894/0001193125-26-410894-index.htm
2026-10-01,PRHI,"Presurance Holdings, Inc.",0001502292,Joseph Sarafa,"{'director': True, 'officer': False, 'ten_pct_owner': False, 'officer_title': ''}",P,11000.0,6.7497,74246.7,61000.0,0.22,true,2,124869.45,false,true,True,0001193125-26-410914,https://www.sec.gov/Archives/edgar/data/1502292/000119312526410914/0001193125-26-410914-index.htm
2026-09-30,BBD,Bank Bradesco,0001160330,Francesco di Marcello,"{'director': False, 'officer': True, 'ten_pct_owner': False, 'officer_title': 'Executive Officer'}",P,56800.0,17.65,,112644.0,1.0171,true,2,0.0,false,true,True,0001292814-26-004756,https://www.sec.gov/Archives/edgar/data/1160330/000129281426004756/0001292814-26-004756-index.htm
2026-09-30,BBD,Bank Bradesco,0001160330,Francesco di Marcello,"{'director': False, 'officer': True, 'ten_pct_owner': False, 'officer_title': 'Executive Officer'}",P,300.0,17.55,,113004.0,0.0027,true,2,0.0,false,true,False,0001292814-26-004756,https://www.sec.gov/Archives/edgar/data/1160330/000129281426004756/0001292814-26-004756-index.htm
2026-09-30,BBD,Bank Bradesco,0001160330,Francesco di Marcello,"{'director': False, 'officer': True, 'ten_pct_owner': False, 'officer_title': 'Executive Officer'}",P,50.0,17.66,,112694.0,0.0004,true,2,0.0,false,true,False,0001292814-26-004756,https://www.sec.gov/Archives/edgar/data/1160330/000129281426004756/0001292814-26-004756-index.htm
2026-09-30,BBD,Bank Bradesco,0001160330,Francesco di Marcello,"{'director': False, 'officer': True, 'ten_pct_owner': False, 'officer_title': 'Executive Officer'}",P,10.0,17.56,,112704.0,0.0001,true,2,0.0,false,true,False,0001292814-26-004756,https://www.sec.gov/Archives/edgar/data/1160330/000129281426004756/0001292814-26-004756-index.htm
2026-10-05,BBD,Bank Bradesco,0001160330,Denise Alvarez,"{'director': True, 'officer': False, 'ten_pct_owner': False, 'officer_title': ''}",P,337400.0,17.23,,8344984.0,0.0421,true,2,0.0,false,true,False,0001292814-26-004850,https://www.sec.gov/Archives/edgar/data/2126543/000129281426004850/0001292814-26-004850-index.htm
2026-10-05,BBD,Bank Bradesco,0001160330,Denise Alvarez,"{'director': True, 'officer': False, 'ten_pct_owner': False, 'officer_title': ''}",P,308900.0,17.22,,8007584.0,0.0401,true,2,0.0,false,true,False,0001292814-26-004850,https://www.sec.gov/Archives/edgar/data/2126543/000129281426004850/0001292814-26-004850-index.htm
2026-10-05,BBD,Bank Bradesco,0001160330,Denise Alvarez,"{'director': True, 'officer': False, 'ten_pct_owner': False, 'officer_title': ''}",P,289254.0,17.19,,7698684.0,0.039,true,2,0.0,false,true,False,0001292814-26-004850,https://www.sec.gov/Archives/edgar/data/2126543/000129281426004850/0001292814-26-004850-index.htm
2026-10-05,BBD,Bank Bradesco,0001160330,Denise Alvarez,"{'director': True, 'officer': False, 'ten_pct_owner': False, 'officer_title': ''}",P,232000.0,17.25,,7409430.0,0.0323,true,2,0.0,false,true,False,0001292814-26-004850,https://www.sec.gov/Archives/edgar/data/2126543/000129281426004850/0001292814-26-004850-index.htm
2026-10-05,BBD,Bank Bradesco,0001160330,Denise Alvarez,"{'director': True, 'officer': False, 'ten_pct_owner': False, 'officer_title': ''}",P,215500.0,17.24,,7177430.0,0.031,true,2,0.0,false,true,False,0001292814-26-004850,https://www.sec.gov/Archives/edgar/data/2126543/000129281426004850/0001292814-26-004850-index.htm
2026-10-05,BBD,Bank Bradesco,0001160330,Denise Alvarez,"{'director': True, 'officer': False, 'ten_pct_owner': False, 'officer_title': ''}",P,187900.0,17.21,,6961930.0,0.0277,true,2,0.0,false,true,False,0001292814-26-004850,https://www.sec.gov/Archives/edgar/data/2126543/000129281426004850/0001292814-26-004850-index.htm
2026-10-05,BBD,Bank Bradesco,0001160330,Denise Alvarez,"{'director': True, 'officer': False, 'ten_pct_owner': False, 'officer_title': ''}",P,172400.0,17.26,,6774030.0,0.0261,true,2,0.0,false,true,False,0001292814-26-004850,https://www.sec.gov/Archives/edgar/data/2126543/000129281426004850/0001292814-26-004850-index.htm
2026-10-05,BBD,Bank Bradesco,0001160330,Denise Alvarez,"{'director': True, 'officer': False, 'ten_pct_owner': False, 'officer_title': ''}",P,91700.0,17.2,,6601630.0,0.0141,true,2,0.0,false,true,False,0001292814-26-004850,https://www.sec.gov/Archives/edgar/data/2126543/000129281426004850/0001292814-26-004850-index.htm
2026-10-05,BBD,Bank Bradesco,0001160330,Denise Alvarez,"{'director': True, 'officer': False, 'ten_pct_owner': False, 'officer_title': ''}",P,59646.0,17.17,,6509930.0,0.0092,true,2,0.0,false,true,False,0001292814-26-004850,https://www.sec.gov/Archives/edgar/data/2126543/000129281426004850/0001292814-26-004850-index.htm
2026-10-05,BBD,Bank Bradesco,0001160330,Denise Alvarez,"{'director': True, 'officer': False, 'ten_pct_owner': False, 'officer_title': ''}",P,48200.0,17.15,,6450284.0,0.0075,true,2,0.0,false,true,False,0001292814-26-004850,https://www.sec.gov/Archives/edgar/data/2126543/000129281426004850/0001292814-26-004850-index.htm
2026-10-05,BBD,Bank Bradesco,0001160330,Denise Alvarez,"{'director': True, 'officer': False, 'ten_pct_owner': False, 'officer_title': ''}",P,3700.0,17.16,,6402084.0,0.0006,true,2,0.0,false,true,False,0001292814-26-004850,https://www.sec.gov/Archives/edgar/data/2126543/000129281426004850/0001292814-26-004850-index.htm
2026-10-05,BBD,Bank Bradesco,0001160330,Denise Alvarez,"{'director': True, 'officer': False, 'ten_pct_owner': False, 'officer_title': ''}",P,3400.0,17.14,,6398384.0,0.0005,true,2,0.0,false,true,False,0001292814-26-004850,https://www.sec.gov/Archives/edgar/data/2126543/000129281426004850/0001292814-26-004850-index.htm
2026-10-05,BBD,Bank Bradesco,0001160330,Denise Alvarez,"{'director': True, 'officer': False, 'ten_pct_owner': False, 'officer_title': ''}",P,44600.0,16.63,,6394984.0,0.007,true,2,0.0,false,true,False,0001292814-26-004852,https://www.sec.gov/Archives/edgar/data/2126543/000129281426004852/0001292814-26-004852-index.htm
2026-10-05,BBD,Bank Bradesco,0001160330,Denise Alvarez,"{'director': True, 'officer': False, 'ten_pct_owner': False, 'officer_title': ''}",P,40301.0,16.73,,6309984.0,0.0064,true,2,0.0,false,true,False,0001292814-26-004852,https://www.sec.gov/Archives/edgar/data/2126543/000129281426004852/0001292814-26-004852-index.htm
2026-10-05,BBD,Bank Bradesco,0001160330,Denise Alvarez,"{'director': True, 'officer': False, 'ten_pct_owner': False, 'officer_title': ''}",P,40400.0,16.69,,6350384.0,0.0064,true,2,0.0,false,true,False,0001292814-26-004852,https://www.sec.gov/Archives/edgar/data/2126543/000129281426004852/0001292814-26-004852-index.htm
2026-10-05,BBD,Bank Bradesco,0001160330,Denise Alvarez,"{'director': True, 'officer': False, 'ten_pct_owner': False, 'officer_title': ''}",P,38500.0,16.68,,6269683.0,0.0062,true,2,0.0,false,true,False,0001292814-26-004852,https://www.sec.gov/Archives/edgar/data/2126543/000129281426004852/0001292814-26-004852-index.htm
2026-10-05,BBD,Bank Bradesco,0001160330,Denise Alvarez,"{'director': True, 'officer': False, 'ten_pct_owner': False, 'officer_title': ''}",P,36000.0,16.74,,6231183.0,0.0058,true,2,0.0,false,true,False,0001292814-26-004852,https://www.sec.gov/Archives/edgar/data/2126543/000129281426004852/0001292814-26-004852-index.htm
2026-10-05,BBD,Bank Bradesco,0001160330,Denise Alvarez,"{'director': True, 'officer': False, 'ten_pct_owner': False, 'officer_title': ''}",P,34000.0,16.71,,6195183.0,0.0055,true,2,0.0,false,true,False,0001292814-26-004852,https://www.sec.gov/Archives/edgar/data/2126543/000129281426004852/0001292814-26-004852-index.htm
2026-10-05,BBD,Bank Bradesco,0001160330,Denise Alvarez,"{'director': True, 'officer': False, 'ten_pct_owner': False, 'officer_title': ''}",P,31099.0,16.66,,6161183.0,0.0051,true,2,0.0,false,true,False,0001292814-26-004852,https://www.sec.gov/Archives/edgar/data/2126543/000129281426004852/0001292814-26-004852-index.htm
2026-10-05,BBD,Bank Bradesco,0001160330,Denise Alvarez,"{'director': True, 'officer': False, 'ten_pct_owner': False, 'officer_title': ''}",P,26000.0,16.67,,6130084.0,0.0043,true,2,0.0,false,true,False,0001292814-26-004852,https://www.sec.gov/Archives/edgar/data/2126543/000129281426004852/0001292814-26-004852-index.htm
2026-10-05,BBD,Bank Bradesco,0001160330,Denise Alvarez,"{'director': True, 'officer': False, 'ten_pct_owner': False, 'officer_title': ''}",P,21600.0,16.7,,6104084.0,0.0036,true,2,0.0,false,true,False,0001292814-26-004852,https://www.sec.gov/Archives/edgar/data/2126543/000129281426004852/0001292814-26-004852-index.htm
2026-10-05,BBD,Bank Bradesco,0001160330,Denise Alvarez,"{'director': True, 'officer': False, 'ten_pct_owner': False, 'officer_title': ''}",P,17100.0,16.72,,6082484.0,0.0028,true,2,0.0,false,true,False,0001292814-26-004852,https://www.sec.gov/Archives/edgar/data/2126543/000129281426004852/0001292814-26-004852-index.htm
2026-10-05,BBD,Bank Bradesco,0001160330,Denise Alvarez,"{'director': True, 'officer': False, 'ten_pct_owner': False, 'officer_title': ''}",P,15400.0,16.62,,6065384.0,0.0025,true,2,0.0,false,true,False,0001292814-26-004852,https://www.sec.gov/Archives/edgar/data/2126543/000129281426004852/0001292814-26-004852-index.htm
2026-10-09,BBD,Bank Bradesco,0001160330,Rubens Alvarez,"{'director': True, 'officer': False, 'ten_pct_owner': False, 'officer_title': ''}",P,1698000.0,17.37,,3690000.0,0.8524,true,2,0.0,false,true,True,0001292814-26-004880,https://www.sec.gov/Archives/edgar/data/2126531/000129281426004880/0001292814-26-004880-index.htm
2026-10-09,BBD,Bank Bradesco,0001160330,Rubens Alvarez,"{'director': True, 'officer': False, 'ten_pct_owner': False, 'officer_title': ''}",P,56100.0,17.33,,1992000.0,0.029,true,2,0.0,false,true,False,0001292814-26-004880,https://www.sec.gov/Archives/edgar/data/2126531/000129281426004880/0001292814-26-004880-index.htm
2026-10-09,BBD,Bank Bradesco,0001160330,Rubens Alvarez,"{'director': True, 'officer': False, 'ten_pct_owner': False, 'officer_title': ''}",P,34700.0,17.35,,1935900.0,0.0183,true,2,0.0,false,true,False,0001292814-26-004880,https://www.sec.gov/Archives/edgar/data/2126531/000129281426004880/0001292814-26-004880-index.htm
2026-10-09,BBD,Bank Bradesco,0001160330,Rubens Alvarez,"{'director': True, 'officer': False, 'ten_pct_owner': False, 'officer_title': ''}",P,27700.0,17.36,,1901200.0,0.0148,true,2,0.0,false,true,False,0001292814-26-004880,https://www.sec.gov/Archives/edgar/data/2126531/000129281426004880/0001292814-26-004880-index.htm
2026-10-09,BBD,Bank Bradesco,0001160330,Rubens Alvarez,"{'director': True, 'officer': False, 'ten_pct_owner': False, 'officer_title': ''}",P,26300.0,17.3,,1873500.0,0.0142,true,2,0.0,false,true,False,0001292814-26-004880,https://www.sec.gov/Archives/edgar/data/2126531/000129281426004880/0001292814-26-004880-index.htm
2026-10-09,BBD,Bank Bradesco,0001160330,Rubens Alvarez,"{'director': True, 'officer': False, 'ten_pct_owner': False, 'officer_title': ''}",P,2200.0,17.32,,1847200.0,0.0012,true,2,0.0,false,true,False,0001292814-26-004880,https://www.sec.gov/Archives/edgar/data/2126531/000129281426004880/0001292814-26-004880-index.htm
2026-09-15,FTK,Flotek Industries Inc/cn/,0000928054,Matthew Wilks,"{'director': True, 'officer': False, 'ten_pct_owner': False, 'officer_title': ''}",P,1319493.0,26.01,34320012.93,1477285.0,8.3622,false,,,false,true,True,0001104659-26-108024,https://www.sec.gov/Archives/edgar/data/1696102/000110465926108024/0001104659-26-108024-index.htm
2026-09-21,GSAT,"Globalstar, Inc.",0001366868,James Monroe,"{'director': True, 'officer': False, 'ten_pct_owner': True, 'officer_title': ''}",P,361600.0,82.52,29839232.0,408253.0,7.7508,false,,,false,true,True,0001379664-26-000002,https://www.sec.gov/Archives/edgar/data/1379664/000137966426000002/0001379664-26-000002-index.htm
2026-10-09,GGR,Gogoro Inc.,0001886190,Chung-Yao Yin,"{'director': True, 'officer': False, 'ten_pct_owner': False, 'officer_title': ''}",P,10692681.0,2.48,26517848.88,20254338.0,1.1183,false,,,false,true,True,0001193125-26-418446,https://www.sec.gov/Archives/edgar/data/1916103/000119312526418446/0001193125-26-418446-index.htm
2026-10-02,N/A,Fortress Net Lease REIT,0001966394,"TIEDEMANN ADVISORS, LLC","{'director': False, 'officer': False, 'ten_pct_owner': True, 'officer_title': ''}",P,1860568.96,10.7494,19999999.98,2325711.2005,4.0,false,,,false,false,True,0000919574-26-006648,https://www.sec.gov/Archives/edgar/data/2046647/000091957426006648/0000919574-26-006648-index.htm
2026-09-30,NONE,Hamilton Lane Credit Income Fund,0002027232,HAMILTON LANE ADVISORS LLC,"{'director': False, 'officer': False, 'ten_pct_owner': True, 'officer_title': ''}",P,1788537.549,10.12,18100000.0,2283739.208,3.6117,false,,,false,false,True,0001213900-26-105358,https://www.sec.gov/Archives/edgar/data/2027232/000121390026105358/0001213900-26-105358-index.htm
2026-09-16,FOX,Fox Corp,0001754301,Lachlan Murdoch,"{'director': True, 'officer': True, 'ten_pct_owner': False, 'officer_title': 'Executive Chair, CEO'}",P,149934.0,68.53,10274977.02,1401713.0,0.1198,false,,,false,true,True,0001628280-26-062330,https://www.sec.gov/Archives/edgar/data/1754301/000162828026062330/0001628280-26-062330-index.htm
2026-09-18,NONE,5C Lending Partners Corp.,0001998387,LIBERTY MUTUAL HOLDING Co INC.,"{'director': False, 'officer': False, 'ten_pct_owner': True, 'officer_title': ''}",P,398774.0,24.48,9761987.52,4182050.0,0.1054,false,,,false,false,True,0001193125-26-395720,https://www.sec.gov/Archives/edgar/data/1998387/000119312526395720/0001193125-26-395720-index.htm
2026-09-30,NONE,Hamilton Lane Credit Income Fund,0002027232,HAMILTON LANE ADVISORS LLC,"{'director': False, 'officer': False, 'ten_pct_owner': True, 'officer_title': ''}",P,955223.881,10.05,9600000.0,1693727.991,1.2935,false,,,false,false,True,0001213900-26-105358,https://www.sec.gov/Archives/edgar/data/2027232/000121390026105358/0001213900-26-105358-index.htm
2026-10-09,GGR,Gogoro Inc.,0001886190,Chung-Yao Yin,"{'director': True, 'officer': False, 'ten_pct_owner': False, 'officer_title': ''}",P,3466310.0,2.48,8596448.8,3960848.0,7.0092,false,,,false,true,True,0001193125-26-418446,https://www.sec.gov/Archives/edgar/data/1916103/000119312526418446/0001193125-26-418446-index.htm
2026-09-16,NONE,Privacore VPC Asset Backed Credit Fund,0002066579,BANKERS LIFE & CASUALTY CO,"{'director': False, 'officer': False, 'ten_pct_owner': True, 'officer_title': ''}",P,785083.415,10.19,8000000.0,6752942.45,0.1316,false,,,false,false,True,0000903939-26-000030,https://www.sec.gov/Archives/edgar/data/2066579/000090393926000030/0000903939-26-000030-index.htm
2026-09-25,N/A,Calamos Aksia Hedged Strategies Fund,0002063706,"Calamos Aksia Hedged Strategies Fund (Offshore), Ltd.","{'director': False, 'officer': False, 'ten_pct_owner': True, 'officer_title': ''}",P,714183.381,10.47,7477500.0,2628728.927,0.373,false,,,false,false,True,0002125773-26-000013,https://www.sec.gov/Archives/edgar/data/2125773/000212577326000013/0002125773-26-000013-index.htm
2026-09-21,ENHA,Enhanced Group Inc.,0001956439,Apeiron Investment Group Ltd.,"{'director': True, 'officer': False, 'ten_pct_owner': True, 'officer_title': ''}",P,6080047.0,1.15,6992054.05,43343818.0,0.1632,false,,,false,true,True,0001193125-26-397056,https://www.sec.gov/Archives/edgar/data/2132854/000119312526397056/0001193125-26-397056-index.htm
2026-09-16,USO,"United States Oil Fund, LP",0001327068,HRT FINANCIAL LP,"{'director': False, 'officer': False, 'ten_pct_owner': True, 'officer_title': ''}",P,43178.0,157.37,6794921.86,61589.0,2.3452,false,,,false,true,True,0001475597-26-000246,https://www.sec.gov/Archives/edgar/data/1475597/000147559726000246/0001475597-26-000246-index.htm
2026-09-16,ARDC,"Ares Dynamic Credit Allocation Fund, Inc.",0001515324,Financial Thrivent,"{'director': False, 'officer': False, 'ten_pct_owner': True, 'officer_title': ''}",P,240000.0,25.0,6000000.0,240000.0,,false,,,false,true,True,0000314984-26-000042,https://www.sec.gov/Archives/edgar/data/1515324/000031498426000042/0000314984-26-000042-index.htm
2026-10-01,NONE,"CNL Strategic Residential Credit, Inc.",0002066337,James Seneff,"{'director': False, 'officer': False, 'ten_pct_owner': True, 'officer_title': ''}",P,206100.58,24.26,5000000.07,306100.58,2.061,false,,,false,false,True,0001437749-26-031762,https://www.sec.gov/Archives/edgar/data/2066337/000143774926031762/0001437749-26-031762-index.htm
2026-10-01,GPUS,"Hyperscale Data, Inc.",0000896493,Milton Ault,"{'director': True, 'officer': True, 'ten_pct_owner': True, 'officer_title': 'Executive Chairman'}",P,10000000.0,0.5,5000000.0,13925566.0,2.5474,false,,,false,true,True,0001214659-26-012383,https://www.sec.gov/Archives/edgar/data/1734770/000121465926012383/0001214659-26-012383-index.htm
2026-09-17,USO,"United States Oil Fund, LP",0001327068,HRT FINANCIAL LP,"{'director': False, 'officer': False, 'ten_pct_owner': True, 'officer_title': ''}",P,29347.0,155.65,4567860.55,128543.0,0.2958,false,,,false,true,True,0001475597-26-000248,https://www.sec.gov/Archives/edgar/data/1475597/000147559726000248/0001475597-26-000248-index.htm
2026-10-06,PSUS,"Pershing Square USA, Ltd.",0002002660,Ryan Israel,"{'director': False, 'officer': True, 'ten_pct_owner': False, 'officer_title': 'Chief Investment Officer'}",P,120816.0,37.4454,4524003.45,698954.0,0.209,false,,,false,true,True,0001193125-26-415861,https://www.sec.gov/Archives/edgar/data/2002660/000119312526415861/0001193125-26-415861-index.htm
2026-09-16,KBDC,"Kayne Anderson BDC, Inc.",0001747172,James Robo,"{'director': True, 'officer': False, 'ten_pct_owner': False, 'officer_title': ''}",P,340000.0,13.038,4432920.0,400000.0,5.6667,false,,,false,true,True,0001183254-26-000005,https://www.sec.gov/Archives/edgar/data/1747172/000118325426000005/0001183254-26-000005-index.htm
2026-09-16,USO,"United States Oil Fund, LP",0001327068,HRT FINANCIAL LP,"{'director': False, 'officer': False, 'ten_pct_owner': True, 'officer_title': ''}",P,26472.0,160.0,4235520.0,61589.0,0.7538,false,,,false,true,True,0001475597-26-000246,https://www.sec.gov/Archives/edgar/data/1475597/000147559726000246/0001475597-26-000246-index.htm
2026-09-30,NONE,Hamilton Lane Credit Income Fund,0002027232,HAMILTON LANE ADVISORS LLC,"{'director': False, 'officer': False, 'ten_pct_owner': True, 'officer_title': ''}",P,389105.058,10.28,4000000.0,2672844.266,0.1704,false,,,false,false,True,0001213900-26-105358,https://www.sec.gov/Archives/edgar/data/2027232/000121390026105358/0001213900-26-105358-index.htm
2026-10-01,ORCL,Oracle Corp,0001341439,Stephen Rusckowski,"{'director': True, 'officer': False, 'ten_pct_owner': False, 'officer_title': ''}",P,25000.0,139.352,3483800.0,25390.0,,false,,,false,true,True,0001341439-26-000099,https://www.sec.gov/Archives/edgar/data/1341439/000134143926000099/0001341439-26-000099-index.htm
2026-10-06,PSUS,"Pershing Square USA, Ltd.",0002002660,Ryan Israel,"{'director': False, 'officer': True, 'ten_pct_owner': False, 'officer_title': 'Chief Investment Officer'}",P,78138.0,37.2092,2907452.47,578138.0,0.1563,false,,,false,true,True,0001193125-26-415861,https://www.sec.gov/Archives/edgar/data/2002660/000119312526415861/0001193125-26-415861-index.htm
2026-09-30,NONE,Hamilton Lane Credit Income Fund,0002027232,HAMILTON LANE ADVISORS LLC,"{'director': False, 'officer': False, 'ten_pct_owner': True, 'officer_title': ''}",P,247524.752,10.1,2500000.0,347126.346,2.4851,false,,,false,false,True,0001213900-26-105358,https://www.sec.gov/Archives/edgar/data/2027232/000121390026105358/0001213900-26-105358-index.htm
2026-09-17,USO,"United States Oil Fund, LP",0001327068,HRT FINANCIAL LP,"{'director': False, 'officer': False, 'ten_pct_owner': True, 'officer_title': ''}",P,14291.0,154.57,2208959.87,128543.0,0.1251,false,,,false,true,True,0001475597-26-000248,https://www.sec.gov/Archives/edgar/data/1475597/000147559726000248/0001475597-26-000248-index.htm
2026-09-16,USO,"United States Oil Fund, LP",0001327068,HRT FINANCIAL LP,"{'director': False, 'officer': False, 'ten_pct_owner': True, 'officer_title': ''}",P,13649.0,155.3,2119689.7,61589.0,0.2847,false,,,false,true,True,0001475597-26-000246,https://www.sec.gov/Archives/edgar/data/1475597/000147559726000246/0001475597-26-000246-index.htm
2026-09-16,USO,"United States Oil Fund, LP",0001327068,HRT FINANCIAL LP,"{'director': False, 'officer': False, 'ten_pct_owner': True, 'officer_title': ''}",P,13203.0,159.24,2102445.72,61589.0,0.2729,false,,,false,true,True,0001475597-26-000246,https://www.sec.gov/Archives/edgar/data/1475597/000147559726000246/0001475597-26-000246-index.htm
2026-10-01,GBR,"New Concept Energy, Inc.",0000105744,REALTY ADVISORS INC,"{'director': False, 'officer': False, 'ten_pct_owner': True, 'officer_title': ''}",P,2000000.0,1.0,2000000.0,2400000.0,5.0,false,,,false,true,True,0001273348-26-000012,https://www.sec.gov/Archives/edgar/data/105744/000127334826000012/0001273348-26-000012-index.htm
2026-09-30,KBDC,"Kayne Anderson BDC, Inc.",0001747172,James Robo,"{'director': True, 'officer': False, 'ten_pct_owner': False, 'officer_title': ''}",P,146755.0,13.033,1912657.92,766716.0,0.2367,false,,,false,true,True,0001183254-26-000008,https://www.sec.gov/Archives/edgar/data/1747172/000118325426000008/0001183254-26-000008-index.htm
2026-09-11,ANGX,"Angel Studios, Inc.",0001865200,Steven Sarowitz,"{'director': True, 'officer': False, 'ten_pct_owner': False, 'officer_title': ''}",P,355998.0,5.2791,1879349.04,1240841.0,0.4023,false,,,false,true,True,0001865200-26-000085,https://www.sec.gov/Archives/edgar/data/1865200/000186520026000085/0001865200-26-000085-index.htm
2026-09-22,TPVG,TriplePoint Venture Growth BDC Corp.,0001580345,James Labe,"{'director': True, 'officer': True, 'ten_pct_owner': False, 'officer_title': 'Chief Executive Officer'}",P,313865.22,4.7061,1477081.11,2312354.22,0.1571,false,,,false,true,True,0001594983-26-000015,https://www.sec.gov/Archives/edgar/data/1594983/000159498326000015/0001594983-26-000015-index.htm
2026-09-30,PRTA,Prothena Corp Public Ltd Co,0001559053,William Scully,"{'director': False, 'officer': False, 'ten_pct_owner': True, 'officer_title': ''}",P,162000.0,8.677,1405674.0,214000.0,3.1154,false,,,false,true,True,0001045463-26-000018,https://www.sec.gov/Archives/edgar/data/1559053/000104546326000018/0001045463-26-000018-index.htm
2026-09-25,KBDC,"Kayne Anderson BDC, Inc.",0001747172,James Robo,"{'director': True, 'officer': False, 'ten_pct_owner': False, 'officer_title': ''}",P,105000.0,13.046,1369830.0,619961.0,0.2039,false,,,false,true,True,0001183254-26-000007,https://www.sec.gov/Archives/edgar/data/1747172/000118325426000007/0001183254-26-000007-index.htm
2026-09-21,CYBN,Cybin Inc.,0001833141,Michael Halstead,"{'director': False, 'officer': True, 'ten_pct_owner': False, 'officer_title': 'Chief Executive Officer'}",P,100000.0,13.4705,1347050.0,168568.0,1.4584,false,,,false,true,True,0000912282-26-001293,https://www.sec.gov/Archives/edgar/data/1833141/000091228226001293/0000912282-26-001293-index.htm
2026-09-23,KBDC,"Kayne Anderson BDC, Inc.",0001747172,James Robo,"{'director': True, 'officer': False, 'ten_pct_owner': False, 'officer_title': ''}",P,94120.0,13.079,1230995.48,514961.0,0.2236,false,,,false,true,True,0001183254-26-000006,https://www.sec.gov/Archives/edgar/data/1747172/000118325426000006/0001183254-26-000006-index.htm
2026-10-09,PRTA,Prothena Corp Public Ltd Co,0001559053,William Scully,"{'director': False, 'officer': False, 'ten_pct_owner': True, 'officer_title': ''}",P,125000.0,8.4012,1050150.0,439000.0,0.3981,false,,,false,true,True,0001045463-26-000020,https://www.sec.gov/Archives/edgar/data/1559053/000104546326000020/0001045463-26-000020-index.htm
2026-09-18,TFC,Truist Financial Corp,0000092230,Michael Lyons,"{'director': True, 'officer': True, 'ten_pct_owner': False, 'officer_title': 'President & CEO'}",P,21000.0,48.3608,1015576.8,21000.0,,false,,,false,true,True,0001534574-26-000016,https://www.sec.gov/Archives/edgar/data/1534574/000153457426000016/0001534574-26-000016-index.htm
2026-10-06,NXH,"Neighborhood Intelligence, Inc.",0001130713,Marcus Lemonis,"{'director': True, 'officer': True, 'ten_pct_owner': False, 'officer_title': 'EXECUTIVE CHAIRMAN & CEO'}",P,362319.0,2.76,1000000.44,1076860.0,0.5071,false,,,false,true,True,0001136478-26-000010,https://www.sec.gov/Archives/edgar/data/1136478/000113647826000010/0001136478-26-000010-index.htm
2026-09-23,NONE,Diameter Dynamic Credit Fund,0002067955,Jonathan Lewinsohn,"{'director': False, 'officer': True, 'ten_pct_owner': False, 'officer_title': 'Co-President'}",P,98814.229,10.12,1000000.0,98814.229,,false,,,false,false,True,0001193125-26-399896,https://www.sec.gov/Archives/edgar/data/2067955/000119312526399896/0001193125-26-399896-index.htm
2026-09-30,NONE,Hamilton Lane Credit Income Fund,0002027232,HAMILTON LANE ADVISORS LLC,"{'director': False, 'officer': False, 'ten_pct_owner': True, 'officer_title': ''}",P,99601.594,10.04,1000000.0,99601.594,,false,,,false,false,True,0001213900-26-105358,https://www.sec.gov/Archives/edgar/data/2027232/000121390026105358/0001213900-26-105358-index.htm
2026-09-30,NONE,Hamilton Lane Credit Income Fund,0002027232,HAMILTON LANE ADVISORS LLC,"{'director': False, 'officer': False, 'ten_pct_owner': True, 'officer_title': ''}",P,98814.229,10.12,1000000.0,445940.575,0.2847,false,,,false,false,True,0001213900-26-105358,https://www.sec.gov/Archives/edgar/data/2027232/000121390026105358/0001213900-26-105358-index.htm
2026-09-21,CRM,"Salesforce, Inc.",0001108524,David Kirk,"{'director': True, 'officer': False, 'ten_pct_owner': False, 'officer_title': ''}",P,4176.0,239.3321,999450.85,18748.0,0.2866,false,,,false,true,True,0001108524-26-000212,https://www.sec.gov/Archives/edgar/data/2077892/000110852426000212/0001108524-26-000212-index.htm
2026-09-14,ECL,Ecolab Inc.,0000031462,Eric Green,"{'director': True, 'officer': False, 'ten_pct_owner': False, 'officer_title': ''}",P,3370.0,276.577,932064.49,7627.28,0.7916,false,,,false,true,True,0001628280-26-061859,https://www.sec.gov/Archives/edgar/data/31462/000162828026061859/0001628280-26-061859-index.htm
2026-09-29,PRTA,Prothena Corp Public Ltd Co,0001559053,William Scully,"{'director': False, 'officer': False, 'ten_pct_owner': True, 'officer_title': ''}",P,103500.0,8.5978,889872.3,187000.0,1.2395,false,,,false,true,True,0001045463-26-000017,https://www.sec.gov/Archives/edgar/data/1559053/000104546326000017/0001045463-26-000017-index.htm
2026-10-06,PRTA,Prothena Corp Public Ltd Co,0001559053,William Scully,"{'director': False, 'officer': False, 'ten_pct_owner': True, 'officer_title': ''}",P,100000.0,8.5724,857240.0,314000.0,0.4673,false,,,false,true,True,0001045463-26-000019,https://www.sec.gov/Archives/edgar/data/1559053/000104546326000019/0001045463-26-000019-index.htm
2026-09-21,PRTA,Prothena Corp Public Ltd Co,0001559053,William Scully,"{'director': False, 'officer': False, 'ten_pct_owner': True, 'officer_title': ''}",P,100000.0,8.4346,843460.0,927000.0,0.1209,false,,,false,true,True,0001045463-26-000016,https://www.sec.gov/Archives/edgar/data/1559053/000104546326000016/0001045463-26-000016-index.htm
2026-10-02,FGBI,"First Guaranty Bancshares, Inc.",0001408534,Edgar Smith,"{'director': True, 'officer': False, 'ten_pct_owner': True, 'officer_title': ''}",P,99277.0,8.28,822013.56,958523.0,0.1155,false,,,false,true,True,0001437749-26-031876,https://www.sec.gov/Archives/edgar/data/1408534/000143774926031876/0001437749-26-031876-index.htm
2026-09-16,KBDC,"Kayne Anderson BDC, Inc.",0001747172,James Robo,"{'director': True, 'officer': False, 'ten_pct_owner': False, 'officer_title': ''}",P,60000.0,13.017,781020.0,60000.0,,false,,,false,true,True,0001183254-26-000005,https://www.sec.gov/Archives/edgar/data/1747172/000118325426000005/0001183254-26-000005-index.htm
2026-10-09,PRTA,Prothena Corp Public Ltd Co,0001559053,William Scully,"{'director': False, 'officer': False, 'ten_pct_owner': True, 'officer_title': ''}",P,90000.0,8.5656,770904.0,529000.0,0.205,false,,,false,true,True,0001045463-26-000020,https://www.sec.gov/Archives/edgar/data/1559053/000104546326000020/0001045463-26-000020-index.htm
2026-10-02,DLHC,DLH Holdings Corp.,0000785557,Mink Brook Asset Management LLC,"{'director': False, 'officer': False, 'ten_pct_owner': True, 'officer_title': ''}",P,199099.0,3.7,736666.3,893421.0,0.2868,false,,,false,true,True,0001628280-26-064396,https://www.sec.gov/Archives/edgar/data/2052205/000162828026064396/0001628280-26-064396-index.htm
2026-09-11,ANGX,"Angel Studios, Inc.",0001865200,Steven Sarowitz,"{'director': True, 'officer': False, 'ten_pct_owner': False, 'officer_title': ''}",P,132639.0,4.9537,657053.81,884843.0,0.1763,false,,,false,true,True,0001865200-26-000085,https://www.sec.gov/Archives/edgar/data/1865200/000186520026000085/0001865200-26-000085-index.htm
2026-09-25,NCT,Intercont (Cayman) Ltd,0002018529,Muchun Zhu,"{'director': True, 'officer': True, 'ten_pct_owner': False, 'officer_title': 'CEO and Chairman'}",P,1625000.0,0.4,650000.0,1831598.04,7.8655,false,,,false,true,True,0001493152-26-044229,https://www.sec.gov/Archives/edgar/data/2071210/000149315226044229/0001493152-26-044229-index.htm
2026-10-09,N/A,Calamos Aksia Hedged Strategies Fund,0002063706,Aksia LLC,"{'director': False, 'officer': False, 'ten_pct_owner': False, 'officer_title': ''}",P,61371.493,10.36,635808.67,76827.968,3.9706,false,,,false,false,True,0001939932-26-000013,https://www.sec.gov/Archives/edgar/data/2063706/000193993226000013/0001939932-26-000013-index.htm
2026-10-09,N.A.,Calamos Aksia Private Equity & Alternatives Fund,0002047442,Aksia LLC,"{'director': False, 'officer': False, 'ten_pct_owner': False, 'officer_title': ''}",P,46210.293,11.06,511085.84,46210.293,,false,,,false,true,True,0001939932-26-000012,https://www.sec.gov/Archives/edgar/data/2047442/000193993226000012/0001939932-26-000012-index.htm
2026-09-30,NONE,Hamilton Lane Credit Income Fund,0002027232,HAMILTON LANE ADVISORS LLC,"{'director': False, 'officer': False, 'ten_pct_owner': True, 'officer_title': ''}",P,49261.084,10.15,500000.0,495201.659,0.1105,false,,,false,false,True,0001213900-26-105358,https://www.sec.gov/Archives/edgar/data/2027232/000121390026105358/0001213900-26-105358-index.htm
2026-09-16,EQPT,EquipmentShare.com Inc,0001693736,Jabbok Schlacks,"{'director': True, 'officer': True, 'ten_pct_owner': False, 'officer_title': 'Founder & CEO'}",P,22900.0,17.76,406704.0,125000.0,0.2243,false,,,false,true,True,0001628280-26-062285,https://www.sec.gov/Archives/edgar/data/1693736/000162828026062285/0001628280-26-062285-index.htm
2026-09-29,HGBL,Heritage Global Inc.,0000849145,William Burnham,"{'director': True, 'officer': False, 'ten_pct_owner': False, 'officer_title': ''}",P,300000.0,1.33,399000.0,300000.0,,false,,,false,true,True,0001193125-26-407271,https://www.sec.gov/Archives/edgar/data/1248150/000119312526407271/0001193125-26-407271-index.htm
2026-10-09,N.A.,Calamos Aksia Private Equity & Alternatives Fund,0002047442,Aksia LLC,"{'director': False, 'officer': False, 'ten_pct_owner': False, 'officer_title': ''}",P,35842.386,11.12,398567.33,82052.679,0.7756,false,,,false,true,True,0001939932-26-000012,https://www.sec.gov/Archives/edgar/data/2047442/000193993226000012/0001939932-26-000012-index.htm
2026-10-01,TKLF,"Tokyo Lifestyle Co., Ltd.",0001836242,Mei Kanayama,"{'director': True, 'officer': True, 'ten_pct_owner': True, 'officer_title': 'Representative Director (PEO)'}",P,1396755.0,0.274,382710.87,8613191.0,0.1936,false,,,false,true,True,0001213900-26-105765,https://www.sec.gov/Archives/edgar/data/1906212/000121390026105765/0001213900-26-105765-index.htm
2026-09-25,HRGN,"Harvard Apparatus Regenerative Technology, Inc.",0001563665,Junli He,"{'director': True, 'officer': True, 'ten_pct_owner': False, 'officer_title': 'CEO'}",P,361905.0,1.05,380000.25,1326205.0,0.3753,false,,,false,true,True,0001437749-26-031181,https://www.sec.gov/Archives/edgar/data/1728598/000143774926031181/0001437749-26-031181-index.htm
2026-09-30,MNSO,MINISO Group Holding Ltd,0001815846,Jingjing Zhang,"{'director': False, 'officer': True, 'ten_pct_owner': False, 'officer_title': 'VP and Chief Financial Officer'}",P,150600.0,2.2583,340099.98,394474.0,0.6175,false,,,false,true,True,0001104659-26-112076,https://www.sec.gov/Archives/edgar/data/2111254/000110465926112076/0001104659-26-112076-index.htm
2026-10-05,VCIG,VCI Global Ltd,0001930510,Voon Hoo,"{'director': True, 'officer': True, 'ten_pct_owner': True, 'officer_title': 'CEO and Director'}",P,193349.0,1.62,313225.38,341715.0,1.3032,false,,,false,true,True,0001213900-26-106613,https://www.sec.gov/Archives/edgar/data/1912875/000121390026106613/0001213900-26-106613-index.htm
2026-09-28,AOMR,"Angel Oak Mortgage REIT, Inc.",0001766478,Michael Fierman,"{'director': True, 'officer': False, 'ten_pct_owner': True, 'officer_title': ''}",P,38726.0,7.5017,290510.83,105247.0,0.5822,false,,,false,true,True,0001766478-26-000056,https://www.sec.gov/Archives/edgar/data/1766478/000176647826000056/0001766478-26-000056-index.htm
2026-10-09,N/A,Calamos Aksia Alternative Credit & Income Fund,0001937073,Aksia LLC,"{'director': False, 'officer': False, 'ten_pct_owner': False, 'officer_title': ''}",P,26358.754,10.67,281247.91,29225.838,9.1936,false,,,false,false,True,0001939932-26-000014,https://www.sec.gov/Archives/edgar/data/1939932/000193993226000014/0001939932-26-000014-index.htm
2026-10-09,N/A,Calamos Aksia Alternative Credit & Income Fund,0001937073,Aksia LLC,"{'director': False, 'officer': False, 'ten_pct_owner': False, 'officer_title': ''}",P,26361.618,10.63,280224.0,55587.456,0.902,false,,,false,false,True,0001939932-26-000014,https://www.sec.gov/Archives/edgar/data/1939932/000193993226000014/0001939932-26-000014-index.htm
2026-10-09,VDTA,Vertical Data Inc.,0002033264,Jaime Leverton,"{'director': True, 'officer': False, 'ten_pct_owner': False, 'officer_title': ''}",P,85000.0,3.0,255000.0,85000.0,,false,,,false,true,True,0001998054-26-000009,https://www.sec.gov/Archives/edgar/data/2033264/000199805426000009/0001998054-26-000009-index.htm
2026-09-30,NONE,Hamilton Lane Credit Income Fund,0002027232,HAMILTON LANE ADVISORS LLC,"{'director': False, 'officer': False, 'ten_pct_owner': True, 'officer_title': ''}",P,24900.398,10.04,250000.0,24900.398,,false,,,false,false,True,0001213900-26-105358,https://www.sec.gov/Archives/edgar/data/2027232/000121390026105358/0001213900-26-105358-index.htm
2026-09-30,NONE,Hamilton Lane Credit Income Fund,0002027232,HAMILTON LANE ADVISORS LLC,"{'director': False, 'officer': False, 'ten_pct_owner': True, 'officer_title': ''}",P,24900.398,10.04,250000.0,24900.398,,false,,,false,false,True,0001213900-26-105358,https://www.sec.gov/Archives/edgar/data/2027232/000121390026105358/0001213900-26-105358-index.htm
2026-09-30,NONE,Nuveen Churchill Private Capital Income Fund,0001911066,Kenneth Kencel,"{'director': False, 'officer': True, 'ten_pct_owner': False, 'officer_title': 'CEO and President'}",P,10482.18,23.85,249999.99,15524.536,2.0788,false,,,false,false,True,0001225208-26-008020,https://www.sec.gov/Archives/edgar/data/1911066/000122520826008020/0001225208-26-008020-index.htm
2026-09-30,NONE,Nuveen Churchill Private Capital Income Fund,0001911066,Kenneth Kencel,"{'director': False, 'officer': True, 'ten_pct_owner': False, 'officer_title': 'CEO and President'}",P,10482.18,23.85,249999.99,15524.536,2.0788,false,,,false,false,True,0001225208-26-008020,https://www.sec.gov/Archives/edgar/data/1911066/000122520826008020/0001225208-26-008020-index.htm
2026-09-14,ECVT,Ecovyst Inc.,0001708035,Patti Humble,"{'director': True, 'officer': False, 'ten_pct_owner': False, 'officer_title': ''}",P,24875.0,10.05,249993.75,33974.0,2.7338,false,,,false,true,True,0001708035-26-000099,https://www.sec.gov/Archives/edgar/data/1708035/000170803526000099/0001708035-26-000099-index.htm
2026-10-08,PDI,PIMCO Dynamic Income Fund,0001510599,David Flattum,"{'director': True, 'officer': False, 'ten_pct_owner': False, 'officer_title': ''}",P,17448.13,14.3,249508.26,17448.13,,false,,,false,true,True,0001201917-26-000004,https://www.sec.gov/Archives/edgar/data/1201917/000120191726000004/0001201917-26-000004-index.htm
2026-10-08,PHK,Pimco High Income Fund,0001219360,David Flattum,"{'director': True, 'officer': False, 'ten_pct_owner': False, 'officer_title': ''}",P,60204.17,4.14,249245.26,60204.17,,false,,,false,true,True,0001201917-26-000005,https://www.sec.gov/Archives/edgar/data/1201917/000120191726000005/0001201917-26-000005-index.htm
2026-09-15,FCEL,Fuelcell Energy Inc,0000886128,Iii Livingston,"{'director': True, 'officer': False, 'ten_pct_owner': False, 'officer_title': ''}",P,16404.1994,15.0544,246955.38,42747.1994,0.6227,false,,,false,true,True,0000897069-26-001780,https://www.sec.gov/Archives/edgar/data/2140145/000089706926001780/0000897069-26-001780-index.htm
2026-09-30,CLPR,Clipper Realty Inc.,0001649096,Jacob Bistricer,"{'director': False, 'officer': True, 'ten_pct_owner': False, 'officer_title': 'Chief Operating Officer'}",P,73500.0,3.35,246225.0,73500.0,,false,,,false,true,True,0001437749-26-031626,https://www.sec.gov/Archives/edgar/data/1697378/000143774926031626/0001437749-26-031626-index.htm
2026-10-01,TRCK,"Track Group, Inc.",0001045942,"JCP Investment Management, LLC","{'director': False, 'officer': False, 'ten_pct_owner': True, 'officer_title': ''}",P,384021.0,0.6,230412.6,1937302.0,0.2472,false,,,false,true,True,0000921895-26-002696,https://www.sec.gov/Archives/edgar/data/1461948/000092189526002696/0000921895-26-002696-index.htm
2026-09-23,TNC,Tennant Co,0000097134,Patrick Allen,"{'director': True, 'officer': False, 'ten_pct_owner': False, 'officer_title': ''}",P,3000.0,69.4168,208250.4,4927.0,1.5568,false,,,false,true,True,0001191569-26-000012,https://www.sec.gov/Archives/edgar/data/1191569/000119156926000012/0001191569-26-000012-index.htm
2026-10-06,HRL,Hormel Foods Corp /de/,0000048465,William Newlands,"{'director': True, 'officer': False, 'ten_pct_owner': False, 'officer_title': ''}",P,10000.0,20.1,201000.0,76375.48,0.1507,false,,,false,true,True,0001531376-26-000014,https://www.sec.gov/Archives/edgar/data/48465/000153137626000014/0001531376-26-000014-index.htm
2026-09-18,ELOG,Eastern International Ltd.,0002013320,Albert Wong,"{'director': True, 'officer': True, 'ten_pct_owner': True, 'officer_title': 'Chief Executive Officer'}",P,200000.0,1.0,200000.0,200000.0,,false,,,false,true,True,0001493152-26-043376,https://www.sec.gov/Archives/edgar/data/2013320/000149315226043376/0001493152-26-043376-index.htm
2026-09-18,THM,International Tower Hill Mines Ltd,0001134115,David Wiens,"{'director': True, 'officer': True, 'ten_pct_owner': False, 'officer_title': 'Chief Executive Officer'}",P,83682.0,2.39,199999.98,684047.0,0.1394,false,,,false,true,True,0001123292-26-001319,https://www.sec.gov/Archives/edgar/data/2150768/000112329226001319/0001123292-26-001319-index.htm
2026-09-14,SDHC,Smith Douglas Homes Corp.,0001982518,Thomas Bradbury,"{'director': True, 'officer': False, 'ten_pct_owner': True, 'officer_title': ''}",P,19360.0,10.3059,199522.22,78278.0,0.3286,false,,,false,true,True,0001628280-26-061831,https://www.sec.gov/Archives/edgar/data/1992568/000162828026061831/0001628280-26-061831-index.htm
2026-10-01,FLNA,"Filana Therapeutics, Inc.",0001069530,Richard Barry,"{'director': True, 'officer': True, 'ten_pct_owner': False, 'officer_title': 'President & CEO'}",P,206813.0,0.9,186131.7,1237964.0,0.2006,false,,,false,true,True,0001437749-26-031654,https://www.sec.gov/Archives/edgar/data/1562371/000143774926031654/0001437749-26-031654-index.htm
2026-09-11,GLOO,"Gloo Holdings, Inc.",0002069785,Patrick Gelsinger,"{'director': True, 'officer': True, 'ten_pct_owner': False, 'officer_title': ''}",P,50000.0,3.3375,166875.0,365499.0,0.1585,false,,,false,true,True,0001316331-26-000012,https://www.sec.gov/Archives/edgar/data/1316331/000131633126000012/0001316331-26-000012-index.htm
2026-09-25,MX,MAGNACHIP SEMICONDUCTOR Corp,0001325702,Chae Lee,"{'director': True, 'officer': True, 'ten_pct_owner': False, 'officer_title': 'Chief Executive Officer'}",P,50000.0,3.17,158500.0,338750.0,0.1732,false,,,false,true,True,0001193125-26-402849,https://www.sec.gov/Archives/edgar/data/1548322/000119312526402849/0001193125-26-402849-index.htm
2026-10-09,N/A,Calamos Aksia Hedged Strategies Fund,0002063706,Aksia LLC,"{'director': False, 'officer': False, 'ten_pct_owner': False, 'officer_title': ''}",P,15456.475,10.16,157037.79,15456.475,,false,,,false,false,True,0001939932-26-000013,https://www.sec.gov/Archives/edgar/data/2063706/000193993226000013/0001939932-26-000013-index.htm
2026-09-30,PMPEX,Primark Meketa Private Equity Investments Fund,0001815609,Peter Woolley,"{'director': False, 'officer': False, 'ten_pct_owner': False, 'officer_title': ''}",P,8600.917,17.44,149999.99,11972.461,2.551,false,,,false,false,True,0002102407-26-000005,https://www.sec.gov/Archives/edgar/data/2102407/000210240726000005/0002102407-26-000005-index.htm
2026-09-23,AIAI,AIAI Holdings Corp,0002096362,Eric Affeldt,"{'director': True, 'officer': False, 'ten_pct_owner': False, 'officer_title': ''}",P,42857.0,3.5,149999.5,47857.0,8.5714,false,,,false,true,True,0001493152-26-043974,https://www.sec.gov/Archives/edgar/data/2096362/000149315226043974/0001493152-26-043974-index.htm
2026-10-07,STWI,StageWise Strategies Corp.,0001999261,"Tourism & Entertainment Group, LLC","{'director': False, 'officer': False, 'ten_pct_owner': True, 'officer_title': ''}",P,1000000.0,0.138,138000.0,4000000.0,0.3333,false,,,false,true,True,0001213900-26-107676,https://www.sec.gov/Archives/edgar/data/2150798/000121390026107676/0001213900-26-107676-index.htm
2026-09-11,TNON,"Tenon Medical, Inc.",0001560293,HRT FINANCIAL LP,"{'director': False, 'officer': False, 'ten_pct_owner': True, 'officer_title': ''}",P,39508.0,3.4,134327.2,18182.0,,false,,,false,true,True,0001475597-26-000240,https://www.sec.gov/Archives/edgar/data/1475597/000147559726000240/0001475597-26-000240-index.htm
2026-09-28,ZUMZ,Zumiez Inc,0001318008,Adam Ellis,"{'director': False, 'officer': True, 'ten_pct_owner': False, 'officer_title': 'President International'}",P,10000.0,13.4,134000.0,83664.0,0.1358,false,,,false,true,True,0001700575-26-000005,https://www.sec.gov/Archives/edgar/data/1700575/000170057526000005/0001700575-26-000005-index.htm
2026-09-22,SAIC,Science Applications International Corp,0001571123,Cush David,"{'director': True, 'officer': False, 'ten_pct_owner': False, 'officer_title': ''}",P,1000.0,132.5,132500.0,1000.0,,false,,,false,true,True,0001571123-26-000145,https://www.sec.gov/Archives/edgar/data/1620833/000157112326000145/0001571123-26-000145-index.htm
2026-09-14,DFH,"Dream Finders Homes, Inc.",0001825088,Richard Beckwitt,"{'director': True, 'officer': False, 'ten_pct_owner': False, 'officer_title': ''}",P,10000.0,12.07,120700.0,100000.0,0.1111,false,,,false,true,True,0000897069-26-001778,https://www.sec.gov/Archives/edgar/data/1197193/000089706926001778/0000897069-26-001778-index.htm
2026-09-16,PLNT,"Planet Fitness, Inc.",0001637207,Christopher Tanco,"{'director': True, 'officer': False, 'ten_pct_owner': False, 'officer_title': ''}",P,2328.0,51.2281,119259.02,2328.0,,false,,,false,true,True,0001842402-26-000005,https://www.sec.gov/Archives/edgar/data/1842402/000184240226000005/0001842402-26-000005-index.htm
2026-09-11,TNON,"Tenon Medical, Inc.",0001560293,HRT FINANCIAL LP,"{'director': False, 'officer': False, 'ten_pct_owner': True, 'officer_title': ''}",P,28267.0,4.02,113633.34,15839.0,,false,,,false,true,True,0001475597-26-000240,https://www.sec.gov/Archives/edgar/data/1475597/000147559726000240/0001475597-26-000240-index.htm
2026-09-16,AVBC,"Avidia Bancorp, Inc.",0002058758,Michael Murphy,"{'director': True, 'officer': False, 'ten_pct_owner': False, 'officer_title': ''}",P,5000.0,22.12,110600.0,6850.0,2.7027,false,,,false,true,True,0001437749-26-030507,https://www.sec.gov/Archives/edgar/data/2077941/000143774926030507/0001437749-26-030507-index.htm
2026-09-25,URG,Ur-energy Inc,0001375205,Jade Walle,"{'director': False, 'officer': True, 'ten_pct_owner': False, 'officer_title': 'VICE PRESIDENT FINANCE'}",P,96030.0,1.14,109474.2,423511.0,0.2932,false,,,false,true,True,0001654954-26-008582,https://www.sec.gov/Archives/edgar/data/1375205/000165495426008582/0001654954-26-008582-index.htm
2026-09-16,BMA,Macro Bank Inc.,0001347426,Marcos Brito,"{'director': True, 'officer': False, 'ten_pct_owner': False, 'officer_title': ''}",P,1500.0,68.266,102399.0,1500.0,,false,,,false,true,True,0001104659-26-108328,https://www.sec.gov/Archives/edgar/data/2122216/000110465926108328/0001104659-26-108328-index.htm
2026-09-17,TENX,"Tenax Therapeutics, Inc.",0000034956,Declan Doogan,"{'director': True, 'officer': False, 'ten_pct_owner': False, 'officer_title': ''}",P,53000.0,1.92,101760.0,55274.0,,false,,,false,true,True,0001193125-26-394831,https://www.sec.gov/Archives/edgar/data/1704234/000119312526394831/0001193125-26-394831-index.htm
2026-09-21,CTRI,"Centuri Holdings, Inc.",0001981599,Dustin DeMaria,"{'director': True, 'officer': False, 'ten_pct_owner': False, 'officer_title': ''}",P,5200.0,19.27,100204.0,12936.0,0.6722,false,,,false,true,True,0001981599-26-000127,https://www.sec.gov/Archives/edgar/data/2016650/000198159926000127/0001981599-26-000127-index.htm
2026-10-05,NONE,Morgan Stanley Private Markets & Alternatives Fund - Growth,0002115681,Stephen Jacobs,"{'director': False, 'officer': True, 'ten_pct_owner': False, 'officer_title': 'Secretary of Issuer'}",P,10000.0,10.0,100000.0,10000.0,,false,,,false,false,True,0001580642-26-006734,https://www.sec.gov/Archives/edgar/data/1877550/000158064226006734/0001580642-26-006734-index.htm
2026-09-22,NTRP,"NextTrip, Inc.",0000788611,Andrew Kaplan,"{'director': True, 'officer': False, 'ten_pct_owner': False, 'officer_title': ''}",P,52910.0,1.89,99999.9,104492.0,1.0257,false,,,false,true,True,0001493152-26-043791,https://www.sec.gov/Archives/edgar/data/2078356/000149315226043791/0001493152-26-043791-index.htm
2026-09-15,URG,Ur-energy Inc,0001375205,Jade Walle,"{'director': False, 'officer': True, 'ten_pct_owner': False, 'officer_title': 'VICE PRESIDENT FINANCE'}",P,75581.0,1.29,97499.49,327481.0,0.3,false,,,false,true,True,0001654954-26-008365,https://www.sec.gov/Archives/edgar/data/1375205/000165495426008365/0001654954-26-008365-index.htm
2026-10-01,PCG,PG&E Corp,0001004980,John Larsen,"{'director': True, 'officer': False, 'ten_pct_owner': False, 'officer_title': ''}",P,7500.0,12.2,91500.0,36685.19,0.257,false,,,false,true,True,0001628280-26-064255,https://www.sec.gov/Archives/edgar/data/1483963/000162828026064255/0001628280-26-064255-index.htm
2026-09-11,TNON,"Tenon Medical, Inc.",0001560293,HRT FINANCIAL LP,"{'director': False, 'officer': False, 'ten_pct_owner': True, 'officer_title': ''}",P,31227.0,2.92,91182.84,15839.0,,false,,,false,true,True,0001475597-26-000240,https://www.sec.gov/Archives/edgar/data/1475597/000147559726000240/0001475597-26-000240-index.htm
2026-10-02,LEEEF,Leef Brands Inc.,0001711141,Robert Mendola,"{'director': True, 'officer': False, 'ten_pct_owner': False, 'officer_title': ''}",P,357553.0,0.25,89388.25,357553.0,,false,,,false,true,True,0001493152-26-045569,https://www.sec.gov/Archives/edgar/data/1714279/000149315226045569/0001493152-26-045569-index.htm
2026-09-14,AMH,American Homes 4 Rent,0001562401,Jack Corrigan,"{'director': True, 'officer': False, 'ten_pct_owner': False, 'officer_title': ''}",P,4000.0,21.5,86000.0,25000.0,0.1905,false,,,false,true,True,0001227454-26-000014,https://www.sec.gov/Archives/edgar/data/1562401/000122745426000014/0001227454-26-000014-index.htm
2026-09-29,AMFN,"American Fusion, Inc.",0000096664,Alexander Rossa,"{'director': False, 'officer': False, 'ten_pct_owner': False, 'officer_title': ''}",P,842775.0,0.102,85963.05,3000000.0,0.3907,false,,,false,true,True,0001079973-26-001308,https://www.sec.gov/Archives/edgar/data/96664/000107997326001308/0001079973-26-001308-index.htm
2026-09-23,DUOT,"Duos Technologies Group, Inc.",0001396536,Frank Recker,"{'director': True, 'officer': True, 'ten_pct_owner': False, 'officer_title': 'Chief Executive Officer'}",P,9250.0,9.1413,84557.02,9250.0,,false,,,false,true,True,0001553350-26-000136,https://www.sec.gov/Archives/edgar/data/1396536/000155335026000136/0001553350-26-000136-index.htm
2026-09-28,GPUS,"Hyperscale Data, Inc.",0000896493,Milton Ault,"{'director': True, 'officer': True, 'ten_pct_owner': True, 'officer_title': 'Executive Chairman'}",P,500000.0,0.1685,84250.0,3613692.0,0.1606,false,,,false,true,True,0001214659-26-011988,https://www.sec.gov/Archives/edgar/data/1734770/000121465926011988/0001214659-26-011988-index.htm
2026-09-17,PLAY,"Dave & Buster's Entertainment, Inc.",0001525769,Nathaniel Lipman,"{'director': True, 'officer': False, 'ten_pct_owner': False, 'officer_title': ''}",P,12000.0,6.775,81300.0,30715.0,0.6412,false,,,false,true,True,0001193125-26-394355,https://www.sec.gov/Archives/edgar/data/1525769/000119312526394355/0001193125-26-394355-index.htm
2026-10-07,IRIX,Iridex Corp,0001006045,Shih-Yao Lin,"{'director': False, 'officer': False, 'ten_pct_owner': True, 'officer_title': ''}",P,80000.0,0.9998,79984.0,452825.0,0.2146,false,,,false,true,True,0001062993-26-005210,https://www.sec.gov/Archives/edgar/data/2098041/000106299326005210/0001062993-26-005210-index.htm
2026-10-01,VENU,Venu Holding Corp,0001770501,Thomas Finke,"{'director': True, 'officer': False, 'ten_pct_owner': False, 'officer_title': ''}",P,50000.0,1.518,75900.0,379605.0,0.1517,false,,,false,true,True,0001493152-26-045391,https://www.sec.gov/Archives/edgar/data/1770501/000149315226045391/0001493152-26-045391-index.htm
2026-09-16,AAON,"Aaon, Inc.",0000824142,David Stewart,"{'director': True, 'officer': False, 'ten_pct_owner': False, 'officer_title': ''}",P,1000.0,74.66,74660.0,4000.0,0.3333,false,,,false,true,True,0001887897-26-000003,https://www.sec.gov/Archives/edgar/data/824142/000188789726000003/0001887897-26-000003-index.htm
2026-09-17,FGBI,"First Guaranty Bancshares, Inc.",0001408534,Robert Walker,"{'director': True, 'officer': False, 'ten_pct_owner': False, 'officer_title': ''}",P,4000.0,17.74,70960.0,11702.0,0.5193,false,,,false,true,True,0001437749-26-030686,https://www.sec.gov/Archives/edgar/data/1408534/000143774926030686/0001437749-26-030686-index.htm
2026-09-18,BPRE,Bluerock Private Real Estate Fund,0001551047,Ryan MacDonald,"{'director': False, 'officer': False, 'ten_pct_owner': False, 'officer_title': ''}",P,5500.0,12.0,66000.0,9930.0,1.2415,false,,,false,true,True,0001398344-26-017226,https://www.sec.gov/Archives/edgar/data/1722524/000139834426017226/0001398344-26-017226-index.htm
2026-09-14,AMH,American Homes 4 Rent,0001562401,Jack Corrigan,"{'director': True, 'officer': False, 'ten_pct_owner': False, 'officer_title': ''}",P,3000.0,21.47,64410.0,20200.0,0.1744,false,,,false,true,True,0001227454-26-000014,https://www.sec.gov/Archives/edgar/data/1562401/000122745426000014/0001227454-26-000014-index.htm
2026-09-17,ADAG,Adagene Inc.,0001818838,Peter Luo,"{'director': True, 'officer': True, 'ten_pct_owner': False, 'officer_title': 'Chief Executive Officer'}",P,20290.0,3.1533,63980.46,88535.0,0.2973,false,,,false,true,True,0001104659-26-108386,https://www.sec.gov/Archives/edgar/data/1907614/000110465926108386/0001104659-26-108386-index.htm
2026-09-15,NCDL,Nuveen Churchill Direct Lending Corp.,0001737924,Shaul Vichness,"{'director': False, 'officer': True, 'ten_pct_owner': False, 'officer_title': 'Chief Financial Off./Treasurer'}",P,5000.0,12.25,61250.0,36646.796,0.158,false,,,false,true,True,0001225208-26-007833,https://www.sec.gov/Archives/edgar/data/1737924/000122520826007833/0001225208-26-007833-index.htm
2026-10-07,IRIX,Iridex Corp,0001006045,Shih-Yao Lin,"{'director': False, 'officer': False, 'ten_pct_owner': True, 'officer_title': ''}",P,50000.0,1.2,60000.0,128858.0,0.6341,false,,,false,true,True,0001062993-26-005210,https://www.sec.gov/Archives/edgar/data/2098041/000106299326005210/0001062993-26-005210-index.htm
2026-09-28,WDI,Western Asset Diversified Income Fund (WDI),0001819559,Michael Buchanan,"{'director': False, 'officer': False, 'ten_pct_owner': False, 'officer_title': ''}",P,5000.0,11.883,59415.0,20000.0,0.3333,false,,,false,true,True,0002010871-26-000002,https://www.sec.gov/Archives/edgar/data/2010871/000201087126000002/0002010871-26-000002-index.htm
2026-09-18,TELA,"TELA Bio, Inc.",0001561921,Joseph Capper,"{'director': True, 'officer': False, 'ten_pct_owner': False, 'officer_title': ''}",P,50000.0,1.1653,58265.0,154827.0,0.477,false,,,false,true,True,0001456817-26-000015,https://www.sec.gov/Archives/edgar/data/1456817/000145681726000015/0001456817-26-000015-index.htm
2026-10-07,IRIX,Iridex Corp,0001006045,Shih-Yao Lin,"{'director': False, 'officer': False, 'ten_pct_owner': True, 'officer_title': ''}",P,50000.0,1.1595,57975.0,248348.0,0.2521,false,,,false,true,True,0001062993-26-005210,https://www.sec.gov/Archives/edgar/data/2098041/000106299326005210/0001062993-26-005210-index.htm
2026-10-07,IRIX,Iridex Corp,0001006045,Shih-Yao Lin,"{'director': False, 'officer': False, 'ten_pct_owner': True, 'officer_title': ''}",P,50000.0,1.1,55000.0,298348.0,0.2013,false,,,false,true,True,0001062993-26-005210,https://www.sec.gov/Archives/edgar/data/2098041/000106299326005210/0001062993-26-005210-index.htm
2026-09-16,TELA,"TELA Bio, Inc.",0001561921,Joseph Capper,"{'director': True, 'officer': False, 'ten_pct_owner': False, 'officer_title': ''}",P,50000.0,1.0588,52940.0,104827.0,0.912,false,,,false,true,True,0001456817-26-000013,https://www.sec.gov/Archives/edgar/data/1561921/000145681726000013/0001456817-26-000013-index.htm
2026-09-29,SWZ,Total Return Securities Fund,0000813623,Andrew Dakos,"{'director': True, 'officer': True, 'ten_pct_owner': False, 'officer_title': 'President and CEO'}",P,9000.0,5.77,51930.0,60000.0,0.1765,false,,,false,true,True,0001398344-26-017532,https://www.sec.gov/Archives/edgar/data/1341021/000139834426017532/0001398344-26-017532-index.htm
2026-10-07,AGMB,AgomAb Therapeutics NV,0002020932,Tim Knotnerus,"{'director': True, 'officer': True, 'ten_pct_owner': False, 'officer_title': 'Chief Executive Officer'}",P,6000.0,8.48,50880.0,16823.0,0.5544,false,,,false,true,True,0002120886-26-000001,https://www.sec.gov/Archives/edgar/data/2120886/000212088626000001/0002120886-26-000001-index.htm
2026-10-07,VRA,"Vera Bradley, Inc.",0001495320,Ivan Brockman,"{'director': True, 'officer': False, 'ten_pct_owner': False, 'officer_title': ''}",P,10000.0,5.02,50200.0,12500.0,4.0,false,,,false,true,True,0001853943-26-000008,https://www.sec.gov/Archives/edgar/data/1853943/000185394326000008/0001853943-26-000008-index.htm
2026-10-01,CSWC,Capital Southwest Corp,0000017313,William Thomas,"{'director': True, 'officer': False, 'ten_pct_owner': False, 'officer_title': ''}",P,2170.0,23.044,50005.48,22842.0,0.105,false,,,false,true,True,0000017313-26-000159,https://www.sec.gov/Archives/edgar/data/1369011/000001731326000159/0000017313-26-000159-index.htm
2026-10-01,MOALX,Lord Abbett Municipal Opportunities Fund,0002029852,Christopher English,"{'director': False, 'officer': False, 'ten_pct_owner': False, 'officer_title': ''}",P,5213.764,9.59,50000.0,27290.189,0.2362,false,,,false,false,True,0000930413-26-003049,https://www.sec.gov/Archives/edgar/data/2037483/000093041326003049/0000930413-26-003049-index.htm
2026-09-14,TLX,Telix Pharmaceuticals Ltd,0002007191,Darren Smith,"{'director': False, 'officer': True, 'ten_pct_owner': False, 'officer_title': 'Group Chief Financial Officer'}",P,2071.0,9.656,,13992.0,0.1737,false,,,false,true,True,0001628280-26-061944,https://www.sec.gov/Archives/edgar/data/2122447/000162828026061944/0001628280-26-061944-index.htm
